address,activity_days,coordinates
"JABATAN PENGANGKUTAN JALAN, PEJABAT PENTADBIRAN FELDA WILAYAH SELATAN,JALAN BATU PAHAT,JALAN BATU PAHAT, KLUANG JOHOR","Monday,Tuesday,Wednesday,Thursday,Friday,Sunday","2.030068, 103.3184639"
"WISMA PERSEKUTUAN,JALAN BATU PAHAT,JALAN BATU PAHAT, KLUANG JOHOR","Monday,Tuesday,Wednesday,Thursday,Friday,Sunday","1.9816218, 103.2441783"
"SMK SERI PERDANA,JALAN NIYOR,JALAN NIYOR, KLUANG JOHOR","Monday,Tuesday,Wednesday,Thursday,Friday,Sunday","2.057467, 103.3118945"
"LORONG 1,KAMPUNG KOLAM AIR, KLUANG JOHOR","Monday,Thursday","2.0249149, 103.3112362"
"LORONG 2,KAMPUNG KOLAM AIR, KLUANG JOHOR","Monday,Thursday","2.0184817, 103.3254182"
"LORONG 3,KAMPUNG KOLAM AIR, KLUANG JOHOR","Monday,Thursday","2.0193416, 103.3119808"
"SK SERI LALANG,JALAN SEKOLAH,KAMPUNG MELAYU BATU 6, SRI LALANG, KLUANG JOHOR","Monday,Tuesday,Wednesday,Thursday,Friday,Sunday","1.981121, 103.243568"
"JALAN BERANGAN,KAWASAN PASAR, KLUANG JOHOR","Monday,Tuesday,Wednesday,Thursday,Saturday,Sunday","2.0417566, 103.321642"
"PASAR AWAM,JALAN BERANGAN,KAWASAN PASAR, KLUANG JOHOR","Monday,Tuesday,Wednesday,Thursday,Friday,Saturday,Sunday","2.0416074, 103.321642"
"JALAN TEMBIKAI,KAWASAN PASAR, KLUANG JOHOR","Monday,Tuesday,Wednesday,Thursday,Saturday,Sunday","2.0400729, 103.3224471"
"JALAN RAMBUTAN,KAWASAN PASAR, KLUANG JOHOR","Monday,Tuesday,Wednesday,Thursday,Saturday,Sunday","2.0417566, 103.321642"
"MPK,JALAN PEJABAT KERAJAAN 1,KAWASAN PEJABAT KERAJAAN, KLUANG JOHOR","Monday,Tuesday,Wednesday,Thursday,Friday,Sunday","2.026857, 103.3169823"
"PEJABAT AGAMA KLUANG,JALAN PEJABAT KERAJAAN 1,KAWASAN PEJABAT KERAJAAN, KLUANG JOHOR","Monday,Tuesday,Wednesday,Thursday,Friday,Sunday","2.0247446, 103.3169659"
"KASTAM,JALAN PEJABAT KERAJAAN 1,KAWASAN PEJABAT KERAJAAN, KLUANG JOHOR","Monday,Tuesday,Wednesday,Thursday,Friday,Sunday","2.0259855, 103.316867"
" MAHKAMAH TINGGI,JALAN PEJABAT KERAJAAN 1,KAWASAN PEJABAT KERAJAAN, KLUANG JOHOR","Monday,Tuesday,Wednesday,Thursday,Friday,Sunday","2.0259855, 103.316867"
"JABATAN KERJA RAYA,JALAN PEJABAT KERAJAAN 2,KAWASAN PEJABAT KERAJAAN, KLUANG JOHOR","Monday,Tuesday,Wednesday,Thursday,Friday,Sunday","2.0246367, 103.3167532"
"KEDIAMAN JURUTERA JKR,JALAN KOLAM AIR,KAWASAN RUMAH VVIP, KLUANG JOHOR","Wednesday,Sunday","2.0180855, 103.3166445"
"KUARTERS KERAJAAN,JALAN KOLAM AIR,KAWASAN RUMAH VVIP, KLUANG JOHOR","Wednesday,Sunday","2.0180855, 103.3166445"
"KEDIAMAN PEGAWAI DAERAH KLUANG,JALAN KOLAM AIR,KAWASAN RUMAH VVIP, KLUANG JOHOR","Wednesday,Sunday","2.0180855, 103.3166445"
"KEDIAMAN YANG DI-PERTUA MPK,JALAN KOLAM AIR,KAWASAN RUMAH VVIP, KLUANG JOHOR","Wednesday,Sunday","2.0180855, 103.3166445"
"ISTANA SRI LAMBAK,JALAN KOLAM AIR,KAWASAN RUMAH VVIP, KLUANG JOHOR","Wednesday,Sunday","2.0180855, 103.3166445"
"KEDIAMAN RASMI PEGAWAI KANAN POLIS,JALAN KEBUN TEH,KAWASAN RUMAH VVIP, KLUANG JOHOR","Wednesday,Sunday","2.0203862, 103.3175453"
"KEDIAMAN PENTADBIR TANAH KLUANG,JALAN KEBUN TEH,KAWASAN RUMAH VVIP, KLUANG JOHOR","Wednesday,Sunday","2.0203862, 103.3175453"
"JALAN BAHARU,KAWASAN SRI LALANG, KLUANG JOHOR","Monday,Thursday","1.9950465, 103.2561251"
"JALAN BUKIT,KAWASAN SRI LALANG, KLUANG JOHOR","Monday,Thursday","1.9941927, 103.2558897"
"JALAN ESTET,KAWASAN SRI LALANG, KLUANG JOHOR","Monday,Thursday","1.9968852, 103.2544708"
"SURAU,JALAN ESTET,KAWASAN SRI LALANG, KLUANG JOHOR","Monday,Tuesday,Wednesday,Thursday,Friday,Sunday","1.9968852, 103.2544708"
"JALAN HUJUNG,KAWASAN SRI LALANG, KLUANG JOHOR","Monday,Thursday","1.9955366, 103.2519848"
"JALAN HUJUNG 2,KAWASAN SRI LALANG, KLUANG JOHOR","Monday,Thursday","1.9954432, 103.2507201"
"JALAN HUJUNG 3,KAWASAN SRI LALANG, KLUANG JOHOR","Monday,Thursday","1.9960547, 103.2515759"
"JALAN HUJUNG 4,KAWASAN SRI LALANG, KLUANG JOHOR","Monday,Thursday","1.9962942, 103.2521131"
"JALAN HUJUNG 5,KAWASAN SRI LALANG, KLUANG JOHOR","Monday,Thursday","1.9958197, 103.250416"
"PASAR AWAM,JALAN KLINIK,KAWASAN SRI LALANG, KLUANG JOHOR","Monday,Tuesday,Wednesday,Thursday,Friday,Sunday","1.9914848, 103.2538006"
"JALAN MERDEKA,KAWASAN SRI LALANG, KLUANG JOHOR","Monday,Thursday","1.9945604, 103.2528279"
"JALAN MERDEKA,KAWASAN SRI LALANG, KLUANG JOHOR","Monday,Tuesday,Wednesday,Thursday,Friday,Sunday","1.9945604, 103.2528279"
"JALAN MERDEKA,KAWASAN SRI LALANG, KLUANG JOHOR","Monday,Tuesday,Wednesday,Thursday,Friday,Sunday","1.9945604, 103.2528279"
"GERAI MPK,JALAN MERDEKA,KAWASAN SRI LALANG, KLUANG JOHOR","Monday,Tuesday,Wednesday,Thursday,Friday,Sunday","1.9945604, 103.2528279"
"JALAN PASAR,KAWASAN SRI LALANG, KLUANG JOHOR","Monday,Tuesday,Wednesday,Thursday,Friday,Sunday","1.9913077, 103.2550243"
"JALAN PASAR,KAWASAN SRI LALANG, KLUANG JOHOR","Monday,Tuesday,Wednesday,Thursday,Friday,Sunday","1.9913077, 103.2550243"
"JALAN PAYA,KAWASAN SRI LALANG, KLUANG JOHOR","Monday,Thursday","1.9938186, 103.2523234"
"JALAN PAYA A,KAWASAN SRI LALANG, KLUANG JOHOR","Monday,Thursday","1.9926571, 103.2520731"
"JALAN PAYA B,KAWASAN SRI LALANG, KLUANG JOHOR","Monday,Thursday","1.9932989, 103.251594"
"JALAN PAYA C,KAWASAN SRI LALANG, KLUANG JOHOR","Monday,Thursday","1.9917333, 103.2516853"
"BALAI POLIS SRI LALANG,JALAN PAYA C,KAWASAN SRI LALANG, KLUANG JOHOR","Monday,Tuesday,Wednesday,Thursday,Friday,Sunday","1.9894929, 103.2542297"
"JALAN PAYA D,KAWASAN SRI LALANG, KLUANG JOHOR","Monday,Thursday","1.9938973, 103.2511652"
"JALAN PAYA E,KAWASAN SRI LALANG, KLUANG JOHOR","Monday,Thursday","1.9938186, 103.2523234"
"JALAN PENDEK,KAWASAN SRI LALANG, KLUANG JOHOR","Monday,Thursday","1.9954167, 103.2549743"
"JALAN RUMAH PANJANG,KAWASAN SRI LALANG, KLUANG JOHOR","Monday,Thursday","1.994509, 103.2547077"
"JALAN SELAMAT,KAWASAN SRI LALANG, KLUANG JOHOR","Monday,Tuesday,Wednesday,Thursday,Friday,Sunday","1.9912756, 103.2560142"
"JALAN SUNGAI,KAWASAN SRI LALANG, KLUANG JOHOR","Monday,Thursday","1.9937201, 103.2543914"
"JALAN TEPI,KAWASAN SRI LALANG, KLUANG JOHOR","Monday,Thursday","1.9967714, 103.2557627"
"JALAN TINGGI,KAWASAN SRI LALANG, KLUANG JOHOR","Monday,Thursday","1.9962068, 103.2550043"
"LORONG B1,KAWASAN SRI LALANG, KLUANG JOHOR","Monday,Thursday","1.99041, 103.255452"
"LORONG TINGGI 1,KAWASAN SRI LALANG, KLUANG JOHOR","Monday,Thursday","1.996634, 103.2546808"
"LORONG TINGGI 2,KAWASAN SRI LALANG, KLUANG JOHOR","Monday,Thursday","1.9969156, 103.2550651"
"LORONG PAYA 1,KAWASAN SRI LALANG, KLUANG JOHOR","Monday,Thursday","1.9937898, 103.2523449"
"LORONG PAYA 2,KAWASAN SRI LALANG, KLUANG JOHOR","Monday,Thursday","1.9937898, 103.2523449"
"LORONG PAYA 3,KAWASAN SRI LALANG, KLUANG JOHOR","Monday,Thursday","1.9937898, 103.2523449"
"LORONG TEPI 1,KAWASAN SRI LALANG, KLUANG JOHOR","Monday,Thursday","1.9956782, 103.2569305"
"LORONG TEPI 2,KAWASAN SRI LALANG, KLUANG JOHOR","Monday,Thursday","1.9960607, 103.2566541"
"LORONG TEPI 3,KAWASAN SRI LALANG, KLUANG JOHOR","Monday,Thursday","1.9964467, 103.2563347"
"LORONG TEPI 4,KAWASAN SRI LALANG, KLUANG JOHOR","Monday,Thursday","1.9969866, 103.2560523"
"LORONG TEPI 5,KAWASAN SRI LALANG, KLUANG JOHOR","Monday,Thursday","1.9974267, 103.2555602"
"LORONG 1,KAWASAN SRI LALANG, KLUANG JOHOR","Monday,Thursday","1.9936719, 103.0914663"
"LORONG 5,KAWASAN SRI LALANG, KLUANG JOHOR","Monday,Thursday","1.9933919, 103.255558"
"BALAI PENGAWAL UTAMA,JALAN HOSPITAL,TAMAN KEM MAHKOTA, KLUANG JOHOR","Monday,Tuesday,Wednesday,Thursday,Friday,Sunday","2.0336711, 103.3167932"
"WISMA BINTARA 33RAD,JALAN HOSPITAL,TAMAN KEM MAHKOTA, KLUANG JOHOR","Monday,Tuesday,Wednesday,Thursday,Friday,Sunday","2.0336711, 103.3167932"
"DEWAN MAHKOTA / TADIKA / SURAU AL-MAKMUR,JALAN HOSPITAL,TAMAN KEM MAHKOTA, KLUANG JOHOR","Monday,Tuesday,Wednesday,Thursday,Friday,Sunday","2.030068, 103.3184639"
"KUARTERS BUJANG BATALION KE-2 PPAT,JALAN HOSPITAL,TAMAN KEM MAHKOTA, KLUANG JOHOR","Monday,Thursday","2.0336711, 103.3167932"
"KUARTERS PEGAWAI JALAN DORSET,JALAN HOSPITAL,TAMAN KEM MAHKOTA, KLUANG JOHOR","Monday,Thursday","2.0252506, 103.3115443"
"BALAI PENGAWAL WISMA PERWIRA,JALAN HOSPITAL,TAMAN KEM MAHKOTA, KLUANG JOHOR","Monday,Tuesday,Wednesday,Thursday,Friday,Sunday","2.0336711, 103.3167932"
"SEKOLAH AGAMA KEM MAHKOTA,JALAN HOSPITAL,TAMAN KEM MAHKOTA, KLUANG JOHOR","Monday,Tuesday,Wednesday,Thursday,Friday,Sunday","2.032696, 103.316882"
"PERNAMA,JALAN HOSPITAL,TAMAN KEM MAHKOTA, KLUANG JOHOR","Monday,Tuesday,Wednesday,Thursday,Friday,Sunday","2.0336711, 103.3167932"
"REJIMEN KE-61 ARTILERI DIRAJA,JALAN HOSPITAL,TAMAN KEM MAHKOTA, KLUANG JOHOR","Monday,Tuesday,Wednesday,Thursday,Friday,Sunday","2.0336711, 103.3167932"
"KOMPLEKS 7BRIGED,JALAN HOSPITAL,TAMAN KEM MAHKOTA, KLUANG JOHOR","Monday,Tuesday,Wednesday,Thursday,Friday,Sunday","2.0336711, 103.3167932"
"MARKAS 3 DIVISYEN RAJD,JALAN HOSPITAL,TAMAN KEM MAHKOTA, KLUANG JOHOR","Monday,Tuesday,Wednesday,Thursday,Friday,Sunday","2.0336711, 103.3167932"
"PLATUN KENDERAAN,JALAN HOSPITAL,TAMAN KEM MAHKOTA, KLUANG JOHOR","Monday,Tuesday,Wednesday,Thursday,Friday,Sunday","2.0336711, 103.3167932"
"WISMA PERWIRA SOUTHERN GUNNERS,JALAN HOSPITAL,TAMAN KEM MAHKOTA, KLUANG JOHOR","Monday,Tuesday,Wednesday,Thursday,Friday,Sunday","2.0336711, 103.3167932"
"IKEM KOMPLEKS SEL TEMPUR,JALAN HOSPITAL,TAMAN KEM MAHKOTA, KLUANG JOHOR","Monday,Tuesday,Wednesday,Thursday,Friday,Sunday","2.0336711, 103.3167932"
"IKEM SENTRAL,JALAN HOSPITAL,TAMAN KEM MAHKOTA, KLUANG JOHOR","Monday,Tuesday,Wednesday,Thursday,Friday,Sunday","2.0336711, 103.3167932"
"BALAI PENGAWAL,JALAN HOSPITAL,TAMAN KEM MAHKOTA, KLUANG JOHOR","Monday,Tuesday,Wednesday,Thursday,Friday,Sunday","2.0336711, 103.3167932"
"PUSAT PEMULIHAN PEMASYARAKATAN,JALAN HOSPITAL,TAMAN KEM MAHKOTA, KLUANG JOHOR","Monday,Tuesday,Wednesday,Thursday,Friday,Sunday","2.0336711, 103.3167932"
"INSTITUT KEJURUTERAAN MEDAN TD,JALAN HOSPITAL,TAMAN KEM MAHKOTA, KLUANG JOHOR","Monday,Tuesday,Wednesday,Thursday,Friday,Sunday","2.0336711, 103.3167932"
"WISMA PERWIRA 8 SKUADRON RAJD,JALAN HOSPITAL,TAMAN KEM MAHKOTA, KLUANG JOHOR","Monday,Tuesday,Wednesday,Thursday,Friday,Sunday","2.0826875, 103.3745625"
"KOMPLEKS SAJIAN REJ-2 ARTILERI DIRAJA,JALAN HOSPITAL,TAMAN KEM MAHKOTA, KLUANG JOHOR","Monday,Tuesday,Wednesday,Thursday,Friday,Sunday","2.0336711, 103.3167932"
"DEWAN MAKAN SELVARAJAH IKEM TD,JALAN HOSPITAL,TAMAN KEM MAHKOTA, KLUANG JOHOR","Monday,Tuesday,Wednesday,Thursday,Friday,Sunday","2.0336711, 103.3167932"
"KELAB RENANG,JALAN HOSPITAL,TAMAN KEM MAHKOTA, KLUANG JOHOR","Monday,Tuesday,Wednesday,Thursday,Friday,Sunday","2.0336711, 103.3167932"
"BLOK E1-E2, F1-F4 [FLAT RSAT],JALAN HOSPITAL,TAMAN KEM MAHKOTA, KLUANG JOHOR","Monday,Thursday","2.0336711, 103.3167932"
"BLOK A-F [FLAT 7 BRIGED],JALAN HOSPITAL,TAMAN KEM MAHKOTA, KLUANG JOHOR","Monday,Thursday","2.0336711, 103.3167932"
"BLOK G1-G20 [PANGSAPURI MAHKOTA],JALAN HOSPITAL,TAMAN KEM MAHKOTA, KLUANG JOHOR","Monday,Thursday","2.0336711, 103.3167932"
"MARKAS STESEN STAF,JALAN HOSPITAL,TAMAN KEM MAHKOTA, KLUANG JOHOR","Monday,Tuesday,Wednesday,Thursday,Friday,Sunday","2.0336711, 103.3167932"
"BLOK KEDIAMAN PEGAWAI [PANGSAPURI MAHKOTA],JALAN HOSPITAL,TAMAN KEM MAHKOTA, KLUANG JOHOR","Monday,Thursday","2.0336711, 103.3167932"
"WISMA PERWIRA REJ-881 PUTD,JALAN HOSPITAL,TAMAN KEM MAHKOTA, KLUANG JOHOR","Monday,Tuesday,Wednesday,Thursday,Friday,Sunday","2.0336711, 103.3167932"
"BLOK F1-F4 [FLAT PEGAWAI KEM MAHKOTA],JALAN HOSPITAL,TAMAN KEM MAHKOTA, KLUANG JOHOR","Monday,Thursday","2.0336711, 103.3167932"
"STOR SENJATA 8 SKUADRON RAJD,JALAN HOSPITAL,TAMAN KEM MAHKOTA, KLUANG JOHOR","Monday,Tuesday,Wednesday,Thursday,Friday,Sunday","2.0826875, 103.3745625"
"KUARTERS WISMA PERWIRA REJ-881 PUTD,JALAN HOSPITAL,TAMAN KEM MAHKOTA, KLUANG JOHOR","Monday,Thursday","2.0336711, 103.3167932"
"REJIMEN 501 ASKAR WATANIAH,JALAN SENTOSA, PUSAT BANDAR, KLUANG JOHOR","Tuesday,Friday","2.0319514, 103.3135535"
"SM AGAMA KERAJAAN JOHOR,JALAN SENTOSA, PUSAT BANDAR, KLUANG JOHOR","Monday,Tuesday,Wednesday,Thursday,Friday,Sunday","2.0319826, 103.3136197"
"PEJABAT PENDIDIKAN DAERAH  KLUANG,JALAN SENTOSA, PUSAT BANDAR, KLUANG JOHOR","Monday,Tuesday,Wednesday,Thursday,Friday,Sunday","2.0296382, 103.3132324"
"JALAN BINJAI, PUSAT BANDAR, KLUANG JOHOR","Monday,Tuesday,Wednesday,Thursday,Saturday,Sunday","2.0681262, 103.3356272"
"JALAN DATO HJ HASSAN, PUSAT BANDAR, KLUANG JOHOR","Monday,Tuesday,Wednesday,Thursday,Saturday,Sunday","2.0327592, 103.3206694"
"JALAN DATO RAUF, PUSAT BANDAR, KLUANG JOHOR","Monday,Tuesday,Wednesday,Thursday,Saturday,Sunday","2.0334595, 103.321175"
"JALAN DATO TAN SENG LEONG, PUSAT BANDAR, KLUANG JOHOR","Monday,Tuesday,Wednesday,Thursday,Saturday,Sunday","2.0351052, 103.3206623"
"JALAN DATO TEOH SIEW KHOR, PUSAT BANDAR, KLUANG JOHOR","Monday,Tuesday,Wednesday,Thursday,Saturday,Sunday","2.0319958, 103.3196338"
"JALAN DUKU, PUSAT BANDAR, KLUANG JOHOR","Monday,Tuesday,Wednesday,Thursday,Saturday,Sunday","2.0378083, 103.3198773"
"JALAN DURIAN, PUSAT BANDAR, KLUANG JOHOR","Monday,Tuesday,Wednesday,Thursday,Saturday,Sunday","2.0378428, 103.3205009"
"BLOK G, H, I, J, K, L, M, N, P [FLAT HAJI MANAN],JALAN HAJI MANAN, PUSAT BANDAR, KLUANG JOHOR","Monday,Tuesday,Thursday,Friday","2.0341206, 103.3198288"
"JALAN HAJI MANAN, PUSAT BANDAR, KLUANG JOHOR","Monday,Tuesday,Wednesday,Thursday,Friday,Sunday","2.0400432, 103.3178678"
"SEKOLAH AGAMA BANDAR KLUANG,JALAN HOSPITAL, PUSAT BANDAR, KLUANG JOHOR","Monday,Tuesday,Wednesday,Thursday,Friday,Sunday","2.032696, 103.316882"
"ASRAMA KOLEJ JURURAWAT MASYARAKAT,JALAN HOSPITAL, PUSAT BANDAR, KLUANG JOHOR","Tuesday,Friday","2.0336711, 103.3167932"
"KUARTERS HOSPITAL KLUANG LAMA,JALAN HOSPITAL, PUSAT BANDAR, KLUANG JOHOR","Tuesday,Friday","2.0336711, 103.3167932"
"JALAN ISMAIL, PUSAT BANDAR, KLUANG JOHOR","Monday,Tuesday,Wednesday,Thursday,Saturday,Sunday","2.0277478, 103.3184679"
"JALAN DATO KAPTEN AHMAD, PUSAT BANDAR, KLUANG JOHOR","Monday,Tuesday,Wednesday,Thursday,Saturday,Sunday","4.8899177, 114.9413043"
"JALAN LAMBAK, PUSAT BANDAR, KLUANG JOHOR","Monday,Tuesday,Wednesday,Thursday,Saturday,Sunday","2.0255071, 103.3208934"
"JALAN LANGSAT, PUSAT BANDAR, KLUANG JOHOR","Monday,Tuesday,Wednesday,Thursday,Saturday,Sunday","2.0361695, 103.4159713"
"JALAN MANGGIS, PUSAT BANDAR, KLUANG JOHOR","Monday,Tuesday,Wednesday,Thursday,Saturday,Sunday","2.0366449, 103.3202353"
"JALAN MATA KUCING, PUSAT BANDAR, KLUANG JOHOR","Monday,Tuesday,Wednesday,Thursday,Saturday,Sunday","2.0326173, 103.4205116"
"JALAN MD LAZIM SAIM, PUSAT BANDAR, KLUANG JOHOR","Monday,Tuesday,Wednesday,Thursday,Saturday,Sunday","2.0681262, 103.3356272"
"JALAN MERSING, PUSAT BANDAR, KLUANG JOHOR","Monday,Tuesday,Wednesday,Thursday,Saturday,Sunday","2.1249467, 103.4194547"
"JALAN PERSIARAN, PUSAT BANDAR, KLUANG JOHOR","Monday,Tuesday,Wednesday,Thursday,Saturday,Sunday","2.0681262, 103.3356272"
"JALAN SEJAHTERA, PUSAT BANDAR, KLUANG JOHOR","Tuesday,Friday","2.0368105, 103.3135031"
"PEJABAT KEMAS,JALAN SEJAHTERA, PUSAT BANDAR, KLUANG JOHOR","Monday,Tuesday,Wednesday,Thursday,Friday,Sunday","2.0370833, 103.315105"
"KUARTERS KERAJAAN,JALAN SEKOLAH, PUSAT BANDAR, KLUANG JOHOR","Tuesday,Friday","2.03101, 103.317456"
"KUARTERS LEMBAGA GETAH MALAYSIA,JALAN SEKOLAH, PUSAT BANDAR, KLUANG JOHOR","Tuesday,Friday","2.0277317, 103.3130836"
"LEMBAGA GETAH MALAYSIA,JALAN SEKOLAH, PUSAT BANDAR, KLUANG JOHOR","Monday,Tuesday,Wednesday,Thursday,Friday,Sunday","2.0277317, 103.3130836"
"SK TENGKU MAHMOOD 1 / SK TENGKU MAHMOOD 2,JALAN SEKOLAH, PUSAT BANDAR, KLUANG JOHOR","Monday,Tuesday,Wednesday,Thursday,Friday,Sunday","2.0286162, 103.3121317"
"SMK TINGGI KLUANG DAN ASRAMA,JALAN SEKOLAH, PUSAT BANDAR, KLUANG JOHOR","Monday,Tuesday,Wednesday,Thursday,Friday,Sunday","2.0303548, 103.315607"
"SK PEREMPUAN BANDAR,JALAN SEKOLAH, PUSAT BANDAR, KLUANG JOHOR","Monday,Tuesday,Wednesday,Thursday,Friday,Sunday","2.0284471, 103.3123043"
"PUSAT KEGIATAN GURU,JALAN SEKOLAH, PUSAT BANDAR, KLUANG JOHOR","Monday,Tuesday,Wednesday,Thursday,Friday,Sunday","2.03101, 103.317456"
"MASJID JAMEK KLUANG,JALAN SEKOLAH, PUSAT BANDAR, KLUANG JOHOR","Monday,Tuesday,Wednesday,Thursday,Friday,Sunday","2.02958, 103.315041"
"SK LELAKI BANDAR,JALAN SEKOLAH, PUSAT BANDAR, KLUANG JOHOR","Monday,Tuesday,Wednesday,Thursday,Friday,Sunday","2.0285903, 103.3129552"
"JALAN SENTOL, PUSAT BANDAR, KLUANG JOHOR","Monday,Tuesday,Wednesday,Thursday,Saturday,Sunday","2.0356911, 103.3203826"
"JALAN STATION, PUSAT BANDAR, KLUANG JOHOR","Monday,Tuesday,Wednesday,Thursday,Saturday,Sunday","2.0317741, 103.3180836"
"JALAN SULTANAH, PUSAT BANDAR, KLUANG JOHOR","Monday,Tuesday,Wednesday,Thursday,Saturday,Sunday","2.0338783, 103.3202555"
"JALAN SYED HAMID SAGGAFT, PUSAT BANDAR, KLUANG JOHOR","Monday,Tuesday,Wednesday,Thursday,Saturday,Sunday","2.0681262, 103.3356272"
"JALAN TENGKU MAHKOTA ISMAIL, PUSAT BANDAR, KLUANG JOHOR","Monday,Tuesday,Wednesday,Thursday,Saturday,Sunday","2.0319306, 103.3188249"
"JALAN YAYASAN, PUSAT BANDAR, KLUANG JOHOR","Monday,Tuesday,Wednesday,Thursday,Saturday,Sunday","2.0329155, 103.3212752"
"LORONG 1, JALAN SEJAHTERA, PUSAT BANDAR, KLUANG JOHOR","Tuesday,Friday","2.0368105, 103.3135031"
"LORONG 2, JALAN SEJAHTERA, PUSAT BANDAR, KLUANG JOHOR","Tuesday,Friday","2.0370096, 103.3140185"
"LORONG 3, JALAN SEJAHTERA, PUSAT BANDAR, KLUANG JOHOR","Tuesday,Friday","2.0363437, 103.3122319"
"PERSIARAN DATO HAJI ISMAIL HASSAN, PUSAT BANDAR, KLUANG JOHOR","Monday,Tuesday,Wednesday,Thursday,Friday,Sunday","2.0363829, 103.3215697"
"JALAN CIKU, PUSAT BANDAR, KLUANG JOHOR","Monday,Tuesday,Wednesday,Thursday,Saturday,Sunday","2.0328037, 103.4248957"
"JALAN PANGGUNG, PUSAT BANDAR, KLUANG JOHOR","Monday,Tuesday,Wednesday,Thursday,Saturday,Sunday","2.0296662, 103.3208789"
"JABATAN KEBAJIKAN MASYARAKAT,JALAN MENGKIBOL, PUSAT BANDAR, KLUANG JOHOR","Monday,Tuesday,Wednesday,Thursday,Saturday,Sunday","2.0254045, 103.3181083"
"JALAN SENTOL 1, PUSAT BANDAR, KLUANG JOHOR","Monday,Tuesday,Wednesday,Thursday,Saturday,Sunday","2.0362302, 103.3199968"
"GERAI MPK,LORONG PANGGUNG, PUSAT BANDAR, KLUANG JOHOR","Monday,Tuesday,Wednesday,Thursday,Saturday,Sunday","2.026857, 103.3169823"
"GERAI MPK BENTENG,JALAN GERAI MPK, PUSAT BANDAR, KLUANG JOHOR","Monday,Tuesday,Wednesday,Thursday,Friday,Sunday","2.026857, 103.3169823"
"JALAN PERSIARAN YAYASAN, PUSAT BANDAR, KLUANG JOHOR","Monday,Tuesday,Wednesday,Thursday,Saturday,Sunday","2.0324438, 103.3217138"
"JALAN HASHIM, PUSAT BANDAR, KLUANG JOHOR","Monday,Tuesday,Wednesday,Thursday,Saturday,Sunday","2.0265972, 103.3146561"
"JALAN PASAR LAMA, PUSAT BANDAR, KLUANG JOHOR","Monday,Tuesday,Wednesday,Thursday,Saturday,Sunday","1.9913077, 103.2550243"
"JALAN TASIK 1,PUSAT PERNIAGAAN TASIK, KLUANG JOHOR","Monday,Tuesday,Wednesday,Thursday,Friday,Sunday","2.0238801, 103.3126154"
"JALAN TASIK 2,PUSAT PERNIAGAAN TASIK, KLUANG JOHOR","Monday,Tuesday,Wednesday,Thursday,Friday,Sunday","2.0230978, 103.3126063"
"JALAN BERLIAN 8,TAMAN BERLIAN BIRU, KLUANG JOHOR","Monday,Thursday","2.017449, 103.2950959"
"JALAN BERLIAN 3,TAMAN BERLIAN BIRU, KLUANG JOHOR","Monday,Thursday","2.0174078, 103.2953585"
"JALAN BERLIAN 4,TAMAN BERLIAN BIRU, KLUANG JOHOR","Monday,Thursday","2.0184202, 103.2946665"
"SURAU AL-KHAIRIAH / BALAIRAYA,JALAN BERLIAN 4,TAMAN BERLIAN BIRU, KLUANG JOHOR","Monday,Tuesday,Wednesday,Thursday,Friday,Sunday","2.0190986, 103.2940347"
"JALAN BERLIAN 5,TAMAN BERLIAN BIRU, KLUANG JOHOR","Monday,Thursday","2.0176427, 103.2943114"
"JALAN BERLIAN 6,TAMAN BERLIAN BIRU, KLUANG JOHOR","Monday,Thursday","2.017449, 103.2950959"
"JALAN BERLIAN 7,TAMAN BERLIAN BIRU, KLUANG JOHOR","Monday,Thursday","2.017449, 103.2950959"
"JALAN BERLIAN 2,TAMAN BERLIAN BIRU, KLUANG JOHOR","Monday,Tuesday,Wednesday,Thursday,Friday,Sunday","2.0164762, 103.2943569"
"JALAN BERLIAN 1,TAMAN BERLIAN BIRU, KLUANG JOHOR","Monday,Tuesday,Wednesday,Thursday,Friday,Sunday","2.018223, 103.295513"
"JALAN BERLIAN 9,TAMAN BERLIAN BIRU, KLUANG JOHOR","Monday,Thursday","2.0179176, 103.2936417"
"JALAN BERLIAN BIRU 1,TAMAN BERLIAN BIRU 2, KLUANG JOHOR","Monday,Thursday","2.0198986, 103.2928542"
"JALAN BERLIAN BIRU 2,TAMAN BERLIAN BIRU 2, KLUANG JOHOR","Monday,Thursday","2.0199728, 103.2934732"
"JALAN 1,TAMAN BERSATU, KLUANG JOHOR","Tuesday,Friday","2.0090419, 103.3100012"
"JALAN 1,TAMAN BERSATU, KLUANG JOHOR","Monday,Tuesday,Wednesday,Thursday,Friday,Sunday","2.0090419, 103.3100012"
"JALAN 2,TAMAN BERSATU, KLUANG JOHOR","Monday,Tuesday,Wednesday,Thursday,Friday,Sunday","2.0201799, 103.3089675"
"JALAN 3,TAMAN BERSATU, KLUANG JOHOR","Tuesday,Friday","2.0183673, 103.3088966"
"JALAN 4,TAMAN BERSATU, KLUANG JOHOR","Tuesday,Friday","2.0081875, 103.3091279"
"JALAN 5,TAMAN BERSATU, KLUANG JOHOR","Tuesday,Friday","2.0177629, 103.309571"
"JALAN 6,TAMAN BERSATU, KLUANG JOHOR","Tuesday,Friday","2.0175353, 103.3104598"
"JALAN 7,TAMAN BERSATU, KLUANG JOHOR","Tuesday,Friday","2.0097972, 103.3099833"
"JALAN 8,TAMAN BERSATU, KLUANG JOHOR","Tuesday,Friday","2.0281115, 103.2998931"
"JALAN BESTARI 1,TAMAN BESTARI, AYER HITAM, KLUANG JOHOR","Monday,Tuesday,Wednesday,Thursday,Friday,Sunday","1.927611, 103.1841128"
"JALAN BINTANG,TAMAN BINTANG, KLUANG JOHOR","Monday,Thursday","1.6145826, 103.65925"
"JALAN BINTANG 3,TAMAN BINTANG, KLUANG JOHOR","Monday,Thursday","1.6146952, 103.6603077"
"JALAN BINTANG 4,TAMAN BINTANG, KLUANG JOHOR","Monday,Thursday","1.6151793, 103.6595695"
"JALAN CAHAYA PELANGI 1,TAMAN CAHAYA PELANGI, KLUANG JOHOR","Wednesday,Sunday","2.0576482, 103.3124226"
"JALAN CAHAYA PELANGI 2,TAMAN CAHAYA PELANGI, KLUANG JOHOR","Wednesday,Sunday","2.0579512, 103.3128748"
"JALAN CAHAYA PELANGI 3,TAMAN CAHAYA PELANGI, KLUANG JOHOR","Wednesday,Sunday","2.0573297, 103.3160265"
"JALAN CAHAYA PELANGI 4,TAMAN CAHAYA PELANGI, KLUANG JOHOR","Wednesday,Sunday","2.0573297, 103.3160265"
"JALAN CAHAYA PELANGI 5,TAMAN CAHAYA PELANGI, KLUANG JOHOR","Wednesday,Sunday","2.0573297, 103.3160265"
"JALAN CAHAYA PELANGI 6,TAMAN CAHAYA PELANGI, KLUANG JOHOR","Wednesday,Sunday","2.0573297, 103.3160265"
"JALAN CAHAYA PELANGI 7,TAMAN CAHAYA PELANGI, KLUANG JOHOR","Wednesday,Sunday","2.0573297, 103.3160265"
"JALAN CAHAYA PELANGI 8,TAMAN CAHAYA PELANGI, KLUANG JOHOR","Wednesday,Sunday","2.0573297, 103.3160265"
"JALAN CAHAYA PELANGI 9,TAMAN CAHAYA PELANGI, KLUANG JOHOR","Wednesday,Sunday","2.0573297, 103.3160265"
"JALAN CAHAYA PELANGI 10,TAMAN CAHAYA PELANGI, KLUANG JOHOR","Wednesday,Sunday","2.0573297, 103.3160265"
"JALAN CAHAYA PELANGI 11,TAMAN CAHAYA PELANGI, KLUANG JOHOR","Wednesday,Sunday","2.0573297, 103.3160265"
"JALAN 1,TAMAN DELIMA, KLUANG JOHOR","Wednesday,Sunday","2.0093616, 103.3114508"
"JALAN 1,TAMAN DELIMA, KLUANG JOHOR","Monday,Tuesday,Wednesday,Thursday,Friday,Sunday","2.0093616, 103.3114508"
"JALAN 10,TAMAN DELIMA, KLUANG JOHOR","Wednesday,Sunday","2.0073069, 103.3092628"
"JALAN 11,TAMAN DELIMA, KLUANG JOHOR","Monday,Thursday","2.0097638, 103.3113398"
"JALAN 12,TAMAN DELIMA, KLUANG JOHOR","Wednesday,Sunday","2.0065802, 103.3088797"
"JALAN 13,TAMAN DELIMA, KLUANG JOHOR","Monday,Thursday","2.0111749, 103.3117859"
"JALAN 14,TAMAN DELIMA, KLUANG JOHOR","Wednesday,Sunday","2.006679, 103.31015"
"JALAN 14/1,TAMAN DELIMA, KLUANG JOHOR","Wednesday,Sunday","2.007129, 103.309204"
"JALAN 14/2,TAMAN DELIMA, KLUANG JOHOR","Wednesday,Sunday","2.006776, 103.309713"
"JALAN 14/3,TAMAN DELIMA, KLUANG JOHOR","Wednesday,Sunday","2.007016, 103.310081"
"JALAN 14/4,TAMAN DELIMA, KLUANG JOHOR","Wednesday,Sunday","2.0071262, 103.3104733"
"JALAN 15,TAMAN DELIMA, KLUANG JOHOR","Monday,Thursday","2.0110739, 103.3125215"
"JALAN 16,TAMAN DELIMA, KLUANG JOHOR","Wednesday,Sunday","2.0061514, 103.3098913"
"JALAN 17,TAMAN DELIMA, KLUANG JOHOR","Monday,Thursday","2.0104379, 103.3138128"
"JALAN 18,TAMAN DELIMA, KLUANG JOHOR","Wednesday,Sunday","2.0067427, 103.3110453"
"JALAN 19,TAMAN DELIMA, KLUANG JOHOR","Monday,Thursday","2.0109249, 103.3134031"
"JALAN 2,TAMAN DELIMA, KLUANG JOHOR","Wednesday,Sunday","2.0079499, 103.3081333"
"JALAN 20,TAMAN DELIMA, KLUANG JOHOR","Monday,Thursday","2.0076884, 103.3111235"
"JALAN 22,TAMAN DELIMA, KLUANG JOHOR","Monday,Thursday","2.0078918, 103.311956"
"JALAN 24,TAMAN DELIMA, KLUANG JOHOR","Monday,Thursday","2.0091667, 103.3137295"
"JALAN 26,TAMAN DELIMA, KLUANG JOHOR","Monday,Thursday","2.0088143, 103.3122935"
"JALAN 28,TAMAN DELIMA, KLUANG JOHOR","Monday,Thursday","2.008078, 103.3130835"
"JALAN 3,TAMAN DELIMA, KLUANG JOHOR","Monday,Tuesday,Wednesday,Thursday,Friday,Sunday","2.0171074, 103.3091519"
"JALAN 30,TAMAN DELIMA, KLUANG JOHOR","Monday,Thursday","2.0074739, 103.3132337"
"JALAN 32,TAMAN DELIMA, KLUANG JOHOR","Monday,Thursday","2.0069179, 103.3133462"
"JALAN 4,TAMAN DELIMA, KLUANG JOHOR","Wednesday,Sunday","2.0081875, 103.3091279"
"JALAN 4/1,TAMAN DELIMA, KLUANG JOHOR","Wednesday,Sunday","2.007617, 103.308693"
"JALAN 4/2,TAMAN DELIMA, KLUANG JOHOR","Wednesday,Sunday","2.0080898, 103.308277"
"JALAN 4/3,TAMAN DELIMA, KLUANG JOHOR","Wednesday,Sunday","2.0080583, 103.3083385"
"JALAN 7,TAMAN DELIMA, KLUANG JOHOR","Monday,Tuesday,Wednesday,Thursday,Friday,Sunday","2.0097972, 103.3099833"
"JALAN 8,TAMAN DELIMA, KLUANG JOHOR","Wednesday,Sunday","2.0082774, 103.3112453"
"JALAN 9,TAMAN DELIMA, KLUANG JOHOR","Monday,Thursday","2.0117613, 103.3101484"
"JALAN DELIMA 1,TAMAN DELIMA 2, KLUANG JOHOR","Wednesday,Sunday","2.0024834, 103.3101366"
"JALAN DELIMA 2,TAMAN DELIMA 2, KLUANG JOHOR","Wednesday,Sunday","2.0049685, 103.314775"
"JALAN DELIMA 3,TAMAN DELIMA 2, KLUANG JOHOR","Wednesday,Sunday","2.0038465, 103.3136596"
"JALAN DELIMA 4,TAMAN DELIMA 2, KLUANG JOHOR","Wednesday,Sunday","2.0043685, 103.3134681"
"JALAN DELIMA 6,TAMAN DELIMA 2, KLUANG JOHOR","Wednesday,Sunday","2.0057921, 103.3134229"
"JALAN DELIMA 7,TAMAN DELIMA 2, KLUANG JOHOR","Wednesday,Sunday","2.0064516, 103.3138275"
"JALAN DELIMA 8,TAMAN DELIMA 2, KLUANG JOHOR","Wednesday,Sunday","2.0047159, 103.3120229"
"JALAN DELIMA 10,TAMAN DELIMA 2, KLUANG JOHOR","Wednesday,Sunday","2.0026556, 103.3101554"
"JALAN DELIMA 11,TAMAN DELIMA 2, KLUANG JOHOR","Wednesday,Sunday","2.0032345, 103.3098575"
"JALAN DELIMA 12,TAMAN DELIMA 2, KLUANG JOHOR","Wednesday,Sunday","2.0039016, 103.3101317"
"JALAN DELIMA 13,TAMAN DELIMA 2, KLUANG JOHOR","Wednesday,Sunday","2.0056082, 103.3097929"
"JALAN DELIMA 14,TAMAN DELIMA 2, KLUANG JOHOR","Wednesday,Sunday","2.0041649, 103.3084781"
"JALAN DELIMA 15,TAMAN DELIMA 2, KLUANG JOHOR","Wednesday,Sunday","2.0049552, 103.3099425"
"JALAN DELIMA 17,TAMAN DELIMA 2, KLUANG JOHOR","Wednesday,Sunday","2.0026048, 103.3135808"
"JALAN DELIMA 18,TAMAN DELIMA 2, KLUANG JOHOR","Wednesday,Sunday","2.0026048, 103.3135808"
"JALAN DELIMA 19,TAMAN DELIMA 2, KLUANG JOHOR","Wednesday,Sunday","2.0020595, 103.3133123"
"JALAN DELIMA 20,TAMAN DELIMA 2, KLUANG JOHOR","Wednesday,Sunday","2.00243, 103.314788"
"JALAN DELIMA 21,TAMAN DELIMA 2, KLUANG JOHOR","Wednesday,Sunday","2.002312, 103.3143464"
"JALAN DELIMA 22,TAMAN DELIMA 2, KLUANG JOHOR","Wednesday,Sunday","2.0020595, 103.3133123"
"JALAN DELIMA 23,TAMAN DELIMA 2, KLUANG JOHOR","Wednesday,Sunday","2.0016612, 103.3129777"
"JALAN DELIMA 24,TAMAN DELIMA 2, KLUANG JOHOR","Wednesday,Sunday","2.0018476, 103.3124885"
"JALAN DELIMA 25,TAMAN DELIMA 2, KLUANG JOHOR","Wednesday,Sunday","2.0017586, 103.3120864"
"JALAN DELIMA 26,TAMAN DELIMA 2, KLUANG JOHOR","Wednesday,Sunday","2.0016661, 103.3116568"
"JALAN DELIMA 27,TAMAN DELIMA 2, KLUANG JOHOR","Wednesday,Sunday","2.0028004, 103.3122849"
"JALAN DESA,TAMAN DESA, KLUANG JOHOR","Monday,Thursday","2.0182393, 103.2855938"
"JALAN DESA,TAMAN DESA, KLUANG JOHOR","Monday,Tuesday,Wednesday,Thursday,Friday,Sunday","2.0182393, 103.2855938"
"JALAN DESA 1,TAMAN DESA, KLUANG JOHOR","Monday,Tuesday,Wednesday,Thursday,Friday,Sunday","2.0134644, 103.2857595"
"JALAN DESA 10,TAMAN DESA, KLUANG JOHOR","Monday,Thursday","2.0215814, 103.2857667"
"JALAN DESA 10/1,TAMAN DESA, KLUANG JOHOR","Monday,Thursday","2.0223085, 103.2856396"
"JALAN DESA 10/2,TAMAN DESA, KLUANG JOHOR","Monday,Thursday","2.0222273, 103.2862416"
"JALAN DESA 10/3,TAMAN DESA, KLUANG JOHOR","Monday,Thursday","2.0226929, 103.286226"
"JALAN DESA 10/4,TAMAN DESA, KLUANG JOHOR","Monday,Thursday","2.0232431, 103.2861082"
"JALAN DESA 11,TAMAN DESA, KLUANG JOHOR","Monday,Thursday","2.0228943, 103.2842939"
"JALAN DESA 11/1,TAMAN DESA, KLUANG JOHOR","Monday,Thursday","2.0232666, 103.2847632"
"JALAN DESA 12,TAMAN DESA, KLUANG JOHOR","Monday,Thursday","2.0193859, 103.2856393"
"JALAN DESA 12/1,TAMAN DESA, KLUANG JOHOR","Monday,Thursday","2.023047, 103.2851134"
"JALAN DESA 12/2,TAMAN DESA, KLUANG JOHOR","Monday,Thursday","2.0236872, 103.2855855"
"JALAN DESA 2,TAMAN DESA, KLUANG JOHOR","Monday,Tuesday,Wednesday,Thursday,Friday,Sunday","2.0141949, 103.2871057"
"JALAN DESA 3,TAMAN DESA, KLUANG JOHOR","Monday,Tuesday,Wednesday,Thursday,Friday,Sunday","2.0140525, 103.2857127"
"JALAN DESA 4,TAMAN DESA, KLUANG JOHOR","Monday,Thursday","2.0182703, 103.2856833"
"GERAI MPK,JALAN DESA 5,TAMAN DESA, KLUANG JOHOR","Monday,Tuesday,Wednesday,Thursday,Friday,Sunday","2.0143278, 103.2856834"
"JALAN DESA 5/1,TAMAN DESA, KLUANG JOHOR","Monday,Tuesday,Wednesday,Thursday,Friday,Sunday","2.0148817, 103.2855768"
"JALAN DESA 5/2,TAMAN DESA, KLUANG JOHOR","Monday,Tuesday,Wednesday,Thursday,Friday,Sunday","2.0143155, 103.2850469"
"JALAN DESA 5/3,TAMAN DESA, KLUANG JOHOR","Monday,Tuesday,Wednesday,Thursday,Friday,Sunday","2.0154456, 103.2853273"
"JALAN DESA 6,TAMAN DESA, KLUANG JOHOR","Monday,Thursday","2.015021, 103.287041"
"JALAN DESA 7,TAMAN DESA, KLUANG JOHOR","Monday,Thursday","2.0167707, 103.2858494"
"JALAN DESA 7/1,TAMAN DESA, KLUANG JOHOR","Monday,Thursday","2.017003, 103.2850129"
"JALAN DESA 7/2,TAMAN DESA, KLUANG JOHOR","Monday,Thursday","2.0175333, 103.284968"
"DEWAN SERBAGUNA,JALAN DESA 7/2,TAMAN DESA, KLUANG JOHOR","Monday,Tuesday,Wednesday,Thursday,Friday,Sunday","2.0175333, 103.284968"
"JALAN DESA 7/3,TAMAN DESA, KLUANG JOHOR","Monday,Thursday","2.0180414, 103.2848119"
"JALAN DESA 7/4,TAMAN DESA, KLUANG JOHOR","Monday,Thursday","2.0188697, 103.2848737"
"JALAN DESA 7/5,TAMAN DESA, KLUANG JOHOR","Monday,Thursday","2.0187902, 103.284373"
"JALAN DESA 7/6,TAMAN DESA, KLUANG JOHOR","Monday,Thursday","2.0178472, 103.2841028"
"JALAN DESA 7/7,TAMAN DESA, KLUANG JOHOR","Monday,Thursday","2.0195687, 103.2845137"
"JALAN DESA 8,TAMAN DESA, KLUANG JOHOR","Monday,Thursday","2.0206732, 103.287099"
"JALAN DESA 8/1,TAMAN DESA, KLUANG JOHOR","Monday,Thursday","2.0174434, 103.2870647"
"JALAN DESA 8/2,TAMAN DESA, KLUANG JOHOR","Monday,Thursday","2.0187187, 103.2869048"
"JALAN DESA 8/3,TAMAN DESA, KLUANG JOHOR","Monday,Thursday","2.0194302, 103.2867815"
"JALAN DESA 8/4,TAMAN DESA, KLUANG JOHOR","Monday,Thursday","2.0194302, 103.2867815"
"JALAN DESA 8/5,TAMAN DESA, KLUANG JOHOR","Monday,Thursday","2.0199758, 103.2866069"
"SURAU NURUL ULUM,JALAN DESA 8/5,TAMAN DESA, KLUANG JOHOR","Monday,Tuesday,Wednesday,Thursday,Friday,Sunday","2.0199758, 103.2866069"
"JALAN DESA 8/6,TAMAN DESA, KLUANG JOHOR","Monday,Thursday","2.0204529, 103.2860117"
"JALAN DESA 8/7,TAMAN DESA, KLUANG JOHOR","Monday,Thursday","2.0210927, 103.2861192"
"JALAN DESA 9,TAMAN DESA, KLUANG JOHOR","Monday,Thursday","2.0201945, 103.2846355"
"JALAN DESA 9/1,TAMAN DESA, KLUANG JOHOR","Monday,Thursday","2.0213334, 103.2844055"
"JALAN DESA 9/2,TAMAN DESA, KLUANG JOHOR","Monday,Thursday","2.0200625, 103.2840599"
"JALAN DESA 9/3,TAMAN DESA, KLUANG JOHOR","Monday,Thursday","2.020978, 103.2839246"
"JALAN DESA 9/4,TAMAN DESA, KLUANG JOHOR","Monday,Thursday","2.0215435, 103.2837814"
"JALAN DESA 9/5,TAMAN DESA, KLUANG JOHOR","Monday,Thursday","2.0223858, 103.2842304"
"SEKOLAH AGAMA TAMAN DESA,JALAN DESA 9/5,TAMAN DESA, KLUANG JOHOR","Monday,Tuesday,Wednesday,Thursday,Friday,Sunday","2.0222772, 103.2840142"
"JALAN ONG KAI TOCK,TAMAN DESA, KLUANG JOHOR","Monday,Thursday","2.0179548, 103.2864908"
"JALAN PISANG BERANGAN,TAMAN DESA HARMONI, KLUANG JOHOR","Tuesday,Friday","2.0171928, 103.3071042"
"JALAN PISANG BERANGAN 1,TAMAN DESA HARMONI, KLUANG JOHOR","Tuesday,Friday","2.0141125, 103.3073789"
"JALAN PISANG BERANGAN 2,TAMAN DESA HARMONI, KLUANG JOHOR","Tuesday,Friday","2.0147242, 103.3071518"
"JALAN PISANG BERANGAN 4,TAMAN DESA HARMONI, KLUANG JOHOR","Tuesday,Friday","2.0164335, 103.306758"
"JALAN PISANG NIPAH,TAMAN DESA HARMONI, KLUANG JOHOR","Tuesday,Friday","2.0128763, 103.3082591"
"JALAN PISANG LILIN,TAMAN DESA HARMONI, KLUANG JOHOR","Tuesday,Friday","2.034939, 103.3182697"
"JALAN PISANG LEMAK MANIS,TAMAN DESA HARMONI, KLUANG JOHOR","Tuesday,Friday","2.0120256, 103.3073525"
"JALAN PISANG TANDUK,TAMAN DESA HARMONI, KLUANG JOHOR","Tuesday,Friday","2.034939, 103.3182697"
"JALAN PISANG KAPAS,TAMAN DESA HARMONI, KLUANG JOHOR","Tuesday,Friday","2.0113739, 103.3095595"
"JALAN PISANG RESTALI,TAMAN DESA HARMONI, KLUANG JOHOR","Tuesday,Friday","2.016632, 103.3063456"
"JALAN PISANG NANGKA,TAMAN DESA HARMONI, KLUANG JOHOR","Tuesday,Friday","2.0121778, 103.3107153"
"JALAN PISANG BOYAN,TAMAN DESA HARMONI, KLUANG JOHOR","Tuesday,Friday","2.0121764, 103.3115203"
"JALAN PISANG RAJA UDANG,TAMAN DESA HARMONI, KLUANG JOHOR","Tuesday,Friday","2.0122082, 103.3128637"
"SMK SAINS JOHOR,JALAN PISANG RAJA UDANG,TAMAN DESA HARMONI, KLUANG JOHOR","Monday,Tuesday,Wednesday,Thursday,Friday,Sunday","2.0122082, 103.3128637"
"JALAN PISANG JELAI,TAMAN DESA HARMONI, KLUANG JOHOR","Tuesday,Friday","2.034939, 103.3182697"
"JALAN PISANG RAJA 2,TAMAN DESA HARMONI, KLUANG JOHOR","Tuesday,Friday","2.011665, 103.3137773"
"JALAN PISANG RAJA 3,TAMAN DESA HARMONI, KLUANG JOHOR","Tuesday,Friday","2.0122082, 103.3128637"
"JALAN PISANG EMAS,TAMAN DESA HARMONI, KLUANG JOHOR","Tuesday,Friday","2.0124232, 103.3093074"
"JALAN BERKAT,TAMAN EMAS, KLUANG JOHOR","Tuesday,Friday","2.0222999, 103.3029203"
"JALAN SAHABAT,TAMAN EMAS, KLUANG JOHOR","Tuesday,Friday","2.0207079, 103.301418"
"JALAN SAHABAT,TAMAN EMAS, KLUANG JOHOR","Monday,Tuesday,Wednesday,Thursday,Friday,Sunday","2.0207079, 103.301418"
"JALAN SAHABAT 1,TAMAN EMAS, KLUANG JOHOR","Monday,Tuesday,Wednesday,Thursday,Friday,Sunday","2.0197146, 103.302525"
"JALAN SAHABAT 10,TAMAN EMAS, KLUANG JOHOR","Tuesday,Friday","2.0209732, 103.3004778"
"JALAN SAHABAT 11,TAMAN EMAS, KLUANG JOHOR","Tuesday,Friday","2.0204869, 103.3007278"
"JALAN SAHABAT 12,TAMAN EMAS, KLUANG JOHOR","Tuesday,Friday","2.019818, 103.3009922"
"JALAN SAHABAT 2,TAMAN EMAS, KLUANG JOHOR","Tuesday,Friday","2.020212, 103.3021515"
"JALAN SAHABAT 3,TAMAN EMAS, KLUANG JOHOR","Tuesday,Friday","2.0216503, 103.3024129"
"SURAU TMN EMAS,JALAN SAHABAT 3,TAMAN EMAS, KLUANG JOHOR","Monday,Tuesday,Wednesday,Thursday,Friday,Sunday","2.0216503, 103.3024129"
"JALAN SAHABAT 4,TAMAN EMAS, KLUANG JOHOR","Tuesday,Friday","2.0215128, 103.3018672"
"JALAN SAHABAT 5,TAMAN EMAS, KLUANG JOHOR","Tuesday,Friday","2.0214138, 103.3019066"
"JALAN SAHABAT 6,TAMAN EMAS, KLUANG JOHOR","Tuesday,Friday","2.0220826, 103.3015865"
"JALAN SAHABAT 7,TAMAN EMAS, KLUANG JOHOR","Tuesday,Friday","2.0213461, 103.3007025"
"JALAN SAHABAT 8,TAMAN EMAS, KLUANG JOHOR","Tuesday,Friday","2.0219869, 103.3001182"
"JALAN SAHABAT 9,TAMAN EMAS, KLUANG JOHOR","Tuesday,Friday","2.0215125, 103.3003174"
"JALAN IDAMAN 2,TAMAN IDAMAN, KLUANG JOHOR","Wednesday,Sunday","2.0286746, 103.3156909"
"JALAN IDAMAN 3,TAMAN IDAMAN, KLUANG JOHOR","Wednesday,Sunday","2.0281171, 103.3140946"
"JALAN IDAMAN 5,TAMAN IDAMAN, KLUANG JOHOR","Wednesday,Sunday","2.0270968, 103.3133512"
"JALAN IDAMAN 6,TAMAN IDAMAN, KLUANG JOHOR","Wednesday,Sunday","2.0265742, 103.3127315"
"JALAN IDAMAN 7,TAMAN IDAMAN, KLUANG JOHOR","Wednesday,Sunday","2.02681, 103.3117516"
"JALAN PERSIARAN IDAMAN,TAMAN IDAMAN, KLUANG JOHOR","Monday,Tuesday,Wednesday,Thursday,Friday,Sunday","2.0273484, 103.3137886"
"JALAN INTAN 1,TAMAN INTAN, KLUANG JOHOR","Monday,Thursday","2.0165727, 103.304317"
"JALAN INTAN 1,TAMAN INTAN, KLUANG JOHOR","Monday,Tuesday,Wednesday,Thursday,Friday,Sunday","2.0165727, 103.304317"
"JALAN INTAN 1/1,TAMAN INTAN, KLUANG JOHOR","Monday,Tuesday,Wednesday,Thursday,Friday,Sunday","2.0200489, 103.3049498"
"JALAN INTAN 1/2,TAMAN INTAN, KLUANG JOHOR","Monday,Thursday","2.0195085, 103.3051603"
"JALAN INTAN 1/3,TAMAN INTAN, KLUANG JOHOR","Monday,Thursday","2.0186704, 103.3045922"
"JALAN INTAN 1/4,TAMAN INTAN, KLUANG JOHOR","Monday,Thursday","2.016787, 103.305017"
"JALAN INTAN 1/5,TAMAN INTAN, KLUANG JOHOR","Monday,Thursday","2.0178815, 103.3054261"
"SMK SERI INTAN,JALAN INTAN 1/6,TAMAN INTAN, KLUANG JOHOR","Monday,Tuesday,Wednesday,Thursday,Friday,Sunday","2.0143444, 103.3051834"
"JALAN INTAN 1/7,TAMAN INTAN, KLUANG JOHOR","Monday,Thursday","2.0138512, 103.3059211"
"GERAI  MPK,JALAN INTAN 2,TAMAN INTAN, KLUANG JOHOR","Monday,Tuesday,Wednesday,Thursday,Friday,Sunday","2.013591, 103.30278"
"JALAN INTAN 2/1,TAMAN INTAN, KLUANG JOHOR","Monday,Tuesday,Wednesday,Thursday,Friday,Sunday","2.0188235, 103.3020856"
"JALAN INTAN 2/10,TAMAN INTAN, KLUANG JOHOR","Monday,Thursday","2.0160211, 103.300268"
"JALAN INTAN 2/11,TAMAN INTAN, KLUANG JOHOR","Monday,Thursday","2.0160552, 103.2998315"
"JALAN INTAN 2/12,TAMAN INTAN, KLUANG JOHOR","Monday,Thursday","2.015598, 103.3001505"
"JALAN INTAN 2/13,TAMAN INTAN, KLUANG JOHOR","Monday,Thursday","2.015347, 103.3007265"
"JALAN INTAN 2/14,TAMAN INTAN, KLUANG JOHOR","Monday,Thursday","2.0137823, 103.3019351"
"JALAN INTAN 2/15,TAMAN INTAN, KLUANG JOHOR","Monday,Thursday","2.0133003, 103.3022235"
"JALAN INTAN 2/16,TAMAN INTAN, KLUANG JOHOR","Monday,Thursday","2.0128455, 103.3025151"
"JALAN INTAN 2/17,TAMAN INTAN, KLUANG JOHOR","Monday,Thursday","2.012492, 103.3029748"
"JALAN INTAN 2/18,TAMAN INTAN, KLUANG JOHOR","Monday,Thursday","2.0118918, 103.3035655"
"JALAN INTAN 2/19,TAMAN INTAN, KLUANG JOHOR","Monday,Thursday","2.0113602, 103.3036817"
"JALAN INTAN 2/2,TAMAN INTAN, KLUANG JOHOR","Monday,Tuesday,Wednesday,Thursday,Friday,Sunday","2.0182336, 103.3023316"
"JALAN INTAN 2/20,TAMAN INTAN, KLUANG JOHOR","Monday,Thursday","2.012067, 103.302729"
"JALAN INTAN 2/21,TAMAN INTAN, KLUANG JOHOR","Monday,Thursday","2.0102453, 103.3035007"
"JALAN INTAN 2/22,TAMAN INTAN, KLUANG JOHOR","Monday,Thursday","2.0097943, 103.3036467"
"JALAN INTAN 2/23,TAMAN INTAN, KLUANG JOHOR","Monday,Thursday","2.009363, 103.3039589"
"JALAN INTAN 2/3,TAMAN INTAN, KLUANG JOHOR","Monday,Tuesday,Wednesday,Thursday,Friday,Sunday","2.0183726, 103.3032513"
"JALAN INTAN 2/4,TAMAN INTAN, KLUANG JOHOR","Monday,Tuesday,Wednesday,Thursday,Friday,Sunday","2.0174642, 103.3033693"
"JALAN INTAN 2/5,TAMAN INTAN, KLUANG JOHOR","Monday,Tuesday,Wednesday,Thursday,Friday,Sunday","2.0166203, 103.3028539"
"JALAN INTAN 2/6,TAMAN INTAN, KLUANG JOHOR","Monday,Thursday","2.0156418, 103.3011781"
"JALAN INTAN 2/7,TAMAN INTAN, KLUANG JOHOR","Monday,Thursday","2.0178822, 103.2998846"
"JALAN INTAN 2/8,TAMAN INTAN, KLUANG JOHOR","Monday,Thursday","2.017416, 103.300206"
"JALAN INTAN 2/9,TAMAN INTAN, KLUANG JOHOR","Monday,Thursday","2.0102089, 103.3043739"
"JALAN INTAN 3,TAMAN INTAN, KLUANG JOHOR","Monday,Thursday","2.0158205, 103.3030701"
"JALAN INTAN 3,TAMAN INTAN, KLUANG JOHOR","Monday,Tuesday,Wednesday,Thursday,Friday,Sunday","2.0158205, 103.3030701"
"JALAN INTAN 3/1,TAMAN INTAN, KLUANG JOHOR","Monday,Thursday","2.0153699, 103.3039916"
"JALAN INTAN 3/2,TAMAN INTAN, KLUANG JOHOR","Monday,Thursday","2.0153393, 103.3034112"
"JALAN INTAN 3/3,TAMAN INTAN, KLUANG JOHOR","Monday,Thursday","2.0147653, 103.3035391"
"JALAN INTAN 3/4,TAMAN INTAN, KLUANG JOHOR","Monday,Thursday","2.0146548, 103.3029479"
"JALAN INTAN 3/5,TAMAN INTAN, KLUANG JOHOR","Monday,Thursday","2.0143686, 103.3024917"
"JALAN INTAN 3/6,TAMAN INTAN, KLUANG JOHOR","Monday,Thursday","2.0143735, 103.3039682"
"SR AGAMA BERSEPADU (SRAB),JALAN INTAN 3/6,TAMAN INTAN, KLUANG JOHOR","Monday,Tuesday,Wednesday,Thursday,Friday,Sunday","2.013178, 103.3043338"
"JALAN INTAN 4,TAMAN INTAN, KLUANG JOHOR","Tuesday,Friday","2.0132687, 103.3066984"
"SK SERI INTAN,JALAN INTAN 4,TAMAN INTAN, KLUANG JOHOR","Monday,Tuesday,Wednesday,Thursday,Friday,Sunday","2.0122304, 103.3042692"
"JALAN INTAN 4/1,TAMAN INTAN, KLUANG JOHOR","Tuesday,Friday","2.0124933, 103.3057751"
"JALAN INTAN 4/2,TAMAN INTAN, KLUANG JOHOR","Tuesday,Friday","2.0120326, 103.3060393"
"JALAN INTAN 4/3,TAMAN INTAN, KLUANG JOHOR","Tuesday,Friday","2.011077, 103.30545"
"JALAN INTAN 4/4,TAMAN INTAN, KLUANG JOHOR","Tuesday,Friday","2.0107022, 103.3060837"
"JALAN INTAN 4/5,TAMAN INTAN, KLUANG JOHOR","Tuesday,Friday","2.0111973, 103.3064243"
"JALAN INTAN 4/6,TAMAN INTAN, KLUANG JOHOR","Tuesday,Friday","2.0114627, 103.3068251"
"JALAN INTAN 4/7,TAMAN INTAN, KLUANG JOHOR","Tuesday,Friday","2.009622, 103.305731"
"JALAN INTAN 5,TAMAN INTAN, KLUANG JOHOR","Wednesday,Sunday","2.009186, 103.305776"
"SURAU NURUL HIDAYAH  / BALAIRAYA,JALAN INTAN 5,TAMAN INTAN, KLUANG JOHOR","Monday,Tuesday,Wednesday,Thursday,Friday,Sunday","2.0088641, 103.3061419"
"BALAI RAYA,JALAN INTAN 5,TAMAN INTAN, KLUANG JOHOR","Monday,Tuesday,Wednesday,Thursday,Friday,Sunday","2.009186, 103.305776"
"JALAN INTAN 5/1,TAMAN INTAN, KLUANG JOHOR","Wednesday,Sunday","2.008935, 103.3045673"
"JALAN INTAN 5/10,TAMAN INTAN, KLUANG JOHOR","Wednesday,Sunday","2.0073188, 103.3060835"
"JALAN INTAN 5/2,TAMAN INTAN, KLUANG JOHOR","Wednesday,Sunday","2.0085631, 103.3050966"
"JALAN INTAN 5/3,TAMAN INTAN, KLUANG JOHOR","Wednesday,Sunday","2.0086408, 103.3055074"
"JALAN INTAN 5/4,TAMAN INTAN, KLUANG JOHOR","Wednesday,Sunday","2.008652, 103.305898"
"JALAN INTAN 5/5,TAMAN INTAN, KLUANG JOHOR","Wednesday,Sunday","2.008702, 103.306248"
"JALAN INTAN 5/6,TAMAN INTAN, KLUANG JOHOR","Wednesday,Sunday","2.0090763, 103.3049633"
"JALAN INTAN 5/7,TAMAN INTAN, KLUANG JOHOR","Wednesday,Sunday","2.0082043, 103.3075559"
"JALAN INTAN 5/8,TAMAN INTAN, KLUANG JOHOR","Wednesday,Sunday","2.0091697, 103.3049407"
"JALAN INTAN 5/9,TAMAN INTAN, KLUANG JOHOR","Wednesday,Sunday","2.0077453, 103.3061083"
"JALAN INTAN 6/1,TAMAN INTAN, KLUANG JOHOR","Monday,Tuesday,Wednesday,Thursday,Friday,Sunday","2.0175452, 103.2989591"
"JALAN INTAN 6/2,TAMAN INTAN, KLUANG JOHOR","Monday,Thursday","2.0168966, 103.2988364"
"JALAN INTAN 6/3,TAMAN INTAN, KLUANG JOHOR","Monday,Thursday","2.0163225, 103.2989519"
"JALAN INTAN 7/1,TAMAN INTAN, KLUANG JOHOR","Monday,Tuesday,Wednesday,Thursday,Friday,Sunday","2.0175955, 103.3026415"
"JALAN INTAN 7/2,TAMAN INTAN, KLUANG JOHOR","Monday,Tuesday,Wednesday,Thursday,Friday,Sunday","2.017295, 103.301996"
"JALAN INTAN 7/3,TAMAN INTAN, KLUANG JOHOR","Monday,Tuesday,Wednesday,Thursday,Friday,Sunday","2.017051, 103.301439"
"JALAN INTAN 7/4,TAMAN INTAN, KLUANG JOHOR","Monday,Tuesday,Wednesday,Thursday,Friday,Sunday","2.0165733, 103.3010257"
"JALAN BENAR,TAMAN KERJASAMA, KLUANG JOHOR","Wednesday,Sunday","2.0245823, 103.3057531"
"JALAN IKHLAS,TAMAN KERJASAMA, KLUANG JOHOR","Wednesday,Sunday","2.0224657, 103.3089852"
"JALAN INGIN,TAMAN KERJASAMA, KLUANG JOHOR","Wednesday,Sunday","2.0272799, 103.2919274"
"JALAN JAYA,TAMAN KERJASAMA, KLUANG JOHOR","Wednesday,Sunday","2.0234143, 103.3049806"
"JALAN MAJU,TAMAN KERJASAMA, KLUANG JOHOR","Wednesday,Sunday","2.023474, 103.301239"
"JALAN MANJA,TAMAN KERJASAMA, KLUANG JOHOR","Wednesday,Sunday","2.0231131, 103.3089036"
"JALAN MOLEK,TAMAN KERJASAMA, KLUANG JOHOR","Wednesday,Sunday","2.02508, 103.305585"
"JALAN MUHIBBAH,TAMAN KERJASAMA, KLUANG JOHOR","Wednesday,Sunday","2.0229135, 103.3005147"
"JALAN RAHMAT,TAMAN KERJASAMA, KLUANG JOHOR","Wednesday,Sunday","2.0222855, 103.3079662"
"JALAN SAYANG,TAMAN KERJASAMA, KLUANG JOHOR","Wednesday,Sunday","2.0220399, 103.3097435"
"LORONG 1, JALAN JAYA,TAMAN KERJASAMA, KLUANG JOHOR","Wednesday,Sunday","2.0250953, 103.3039141"
"LORONG 3, JALAN JAYA,TAMAN KERJASAMA, KLUANG JOHOR","Wednesday,Sunday","2.0225673, 103.2996138"
"LORONG 4, JALAN JAYA,TAMAN KERJASAMA, KLUANG JOHOR","Wednesday,Sunday","2.0217909, 103.2993182"
"JALAN SIHAT,TAMAN KERJASAMA, KLUANG JOHOR","Wednesday,Sunday","2.0248398, 103.3047488"
"JALAN SETIA,TAMAN KERJASAMA, KLUANG JOHOR","Wednesday,Sunday","2.0247121, 103.3108527"
"LORONG SETIA 1, JALAN SETIA,TAMAN KERJASAMA, KLUANG JOHOR","Wednesday,Sunday","2.0638054, 103.3407706"
"LORONG SETIA 2, JALAN SETIA,TAMAN KERJASAMA, KLUANG JOHOR","Wednesday,Sunday","2.0633365, 103.3408219"
"SK CANOSSIAN CONVENT,JALAN TENGKU MARIAM,TAMAN KERJASAMA, KLUANG JOHOR","Monday,Tuesday,Wednesday,Thursday,Friday,Sunday","2.0210403, 103.3038444"
"SMK CANOSSIAN CONVENT,JALAN TENGKU MARIAM,TAMAN KERJASAMA, KLUANG JOHOR","Monday,Tuesday,Wednesday,Thursday,Friday,Sunday","2.0217042, 103.3036811"
"PUSAT JAGAAN MIRIAM HOME,JALAN TENGKU MARIAM,TAMAN KERJASAMA, KLUANG JOHOR","Monday,Tuesday,Wednesday,Thursday,Friday,Sunday","2.0207674, 103.305665"
"JALAN MUAFAKAT,TAMAN KERJASAMA, KLUANG JOHOR","Wednesday,Sunday","2.0234384, 103.3003187"
"JALAN DATO IBRAHIM MAJID,TAMAN KERJASAMA, KLUANG JOHOR","Wednesday,Sunday","2.0291991, 103.301063"
"JALAN CHANGKAT JAYA,TAMAN KERJASAMA, KLUANG JOHOR","Wednesday,Sunday","2.0272799, 103.2919274"
"LORONG 1, JALAN  MAJU,TAMAN KERJASAMA, KLUANG JOHOR","Wednesday,Sunday","2.0244278, 103.303874"
"LORONG 2, JALAN MAJU,TAMAN KERJASAMA, KLUANG JOHOR","Wednesday,Sunday","2.0245468, 103.3038469"
"JALAN KIARAMAS 1,TAMAN KIARAMAS, KLUANG JOHOR","Monday,Thursday","2.0638125, 103.3068624"
"JALAN KIARAMAS 2,TAMAN KIARAMAS, KLUANG JOHOR","Monday,Thursday","2.0634533, 103.3068517"
"JALAN KIARAMAS 3,TAMAN KIARAMAS, KLUANG JOHOR","Monday,Thursday","2.0631957, 103.3070908"
"JALAN KIARAMAS 4,TAMAN KIARAMAS, KLUANG JOHOR","Monday,Thursday","2.0629358, 103.3078436"
"JALAN KIARAMAS 5,TAMAN KIARAMAS, KLUANG JOHOR","Monday,Tuesday,Wednesday,Thursday,Friday,Sunday","2.0638544, 103.3078096"
"JALAN KIARAMAS 6,TAMAN KIARAMAS, KLUANG JOHOR","Monday,Thursday","2.0638722, 103.3063282"
"JALAN KIARAMAS 7,TAMAN KIARAMAS, KLUANG JOHOR","Monday,Thursday","2.0645943, 103.3064892"
"JALAN KIARAMAS 8,TAMAN KIARAMAS, KLUANG JOHOR","Monday,Thursday","2.064915, 103.3059059"
"JALAN KIARAMAS 11,TAMAN KIARAMAS, KLUANG JOHOR","Monday,Thursday","2.0640936, 103.3056269"
"JALAN KIARAMAS 12,TAMAN KIARAMAS, KLUANG JOHOR","Monday,Thursday","2.0642093, 103.3050134"
"JALAN KIARAMAS 13,TAMAN KIARAMAS, KLUANG JOHOR","Monday,Thursday","2.06434, 103.3045791"
"JALAN KIARAMAS 14,TAMAN KIARAMAS, KLUANG JOHOR","Monday,Thursday","2.064889, 103.3045539"
"JALAN KIARAMAS 15,TAMAN KIARAMAS, KLUANG JOHOR","Monday,Thursday","2.0643884, 103.3042366"
"JALAN KIARAMAS 16,TAMAN KIARAMAS, KLUANG JOHOR","Monday,Thursday","2.0639822, 103.3039455"
"JALAN BELIMBING,TAMAN KLUANG, KLUANG JOHOR","Tuesday,Friday","2.0471579, 103.3203024"
"JALAN DATO SYED ZAIN,TAMAN KLUANG, KLUANG JOHOR","Tuesday,Friday","2.0451598, 103.318153"
"JALAN FONG WAN,TAMAN KLUANG, KLUANG JOHOR","Tuesday,Friday","2.0432383, 103.3186874"
"JALAN ITHNIN MAAROF,TAMAN KLUANG, KLUANG JOHOR","Tuesday,Friday","2.0449863, 103.3190256"
"JALAN JAMBU,TAMAN KLUANG, KLUANG JOHOR","Tuesday,Friday","2.0431106, 103.3173826"
"JALAN KOPI,TAMAN KLUANG, KLUANG JOHOR","Tuesday,Friday","2.0442236, 103.3191228"
"JALAN LEE KOK WAH,TAMAN KLUANG, KLUANG JOHOR","Tuesday,Friday","2.0433203, 103.3179418"
"JALAN MANGGA,TAMAN KLUANG, KLUANG JOHOR","Tuesday,Friday","2.0431106, 103.3173826"
"JALAN OOI BOON KENG,TAMAN KLUANG, KLUANG JOHOR","Tuesday,Friday","2.0453221, 103.3201119"
"JALAN SIEW YONG THOI,TAMAN KLUANG, KLUANG JOHOR","Tuesday,Friday","2.0449863, 103.3190256"
"JALAN SUKIMAN SAHLAN,TAMAN KLUANG, KLUANG JOHOR","Tuesday,Friday","2.0441352, 103.3191156"
"JALAN TIAN MIN WAH,TAMAN KLUANG, KLUANG JOHOR","Tuesday,Friday","2.04387, 103.3211191"
"JALAN TONG TEOW KEE,TAMAN KLUANG, KLUANG JOHOR","Tuesday,Friday","2.0449863, 103.3190256"
"LORONG BELIMBING 1,TAMAN KLUANG, KLUANG JOHOR","Tuesday,Friday","2.0470482, 103.320363"
"LORONG BELIMBING 2,TAMAN KLUANG, KLUANG JOHOR","Tuesday,Friday","2.0470482, 103.320363"
"JALAN CHEONG BOON SENG,TAMAN KLUANG, KLUANG JOHOR","Tuesday,Friday","2.0449863, 103.3190256"
"JALAN 1,TAMAN KLUANG BARAT, KLUANG JOHOR","Wednesday,Sunday","2.0089678, 103.2857062"
"JALAN 10,TAMAN KLUANG BARAT, KLUANG JOHOR","Wednesday,Sunday","2.0154818, 103.2985121"
"JALAN 116,TAMAN KLUANG BARAT, KLUANG JOHOR","Tuesday,Friday","2.0087226, 103.2851253"
"JALAN 118,TAMAN KLUANG BARAT, KLUANG JOHOR","Tuesday,Friday","2.0089708, 103.2843198"
"JALAN 12,TAMAN KLUANG BARAT, KLUANG JOHOR","Wednesday,Sunday","2.015178, 103.298929"
"JALAN 120,TAMAN KLUANG BARAT, KLUANG JOHOR","Tuesday,Friday","2.0095874, 103.2845816"
"JALAN 122,TAMAN KLUANG BARAT, KLUANG JOHOR","Tuesday,Friday","2.0097728, 103.2837256"
"JALAN 124,TAMAN KLUANG BARAT, KLUANG JOHOR","Tuesday,Friday","2.0079468, 103.2844938"
"JALAN 126,TAMAN KLUANG BARAT, KLUANG JOHOR","Tuesday,Friday","2.0084641, 103.2843778"
"JALAN 13,TAMAN KLUANG BARAT, KLUANG JOHOR","Monday,Tuesday,Wednesday,Thursday,Friday,Sunday","2.0140162, 103.2966579"
"JALAN 15,TAMAN KLUANG BARAT, KLUANG JOHOR","Wednesday,Sunday","2.015138, 103.297599"
"JALAN 16,TAMAN KLUANG BARAT, KLUANG JOHOR","Wednesday,Sunday","2.014645, 103.2986331"
"JALAN 17,TAMAN KLUANG BARAT, KLUANG JOHOR","Wednesday,Sunday","2.0141072, 103.2983815"
"JALAN 18,TAMAN KLUANG BARAT, KLUANG JOHOR","Wednesday,Sunday","2.0145311, 103.2995211"
"JALAN 19,TAMAN KLUANG BARAT, KLUANG JOHOR","Wednesday,Sunday","2.0138486, 103.2988611"
"JALAN 2,TAMAN KLUANG BARAT, KLUANG JOHOR","Wednesday,Sunday","2.0261664, 103.3006708"
"JALAN 20,TAMAN KLUANG BARAT, KLUANG JOHOR","Wednesday,Sunday","2.0137704, 103.2993116"
"JALAN 21,TAMAN KLUANG BARAT, KLUANG JOHOR","Wednesday,Sunday","2.0142884, 103.299173"
"JALAN 23,TAMAN KLUANG BARAT, KLUANG JOHOR","Wednesday,Sunday","2.0147852, 103.2993126"
"JALAN 24,TAMAN KLUANG BARAT, KLUANG JOHOR","Wednesday,Sunday","2.0132351, 103.2981696"
"JALAN 25,TAMAN KLUANG BARAT, KLUANG JOHOR","Wednesday,Sunday","2.0113459, 103.2938105"
"JALAN 26,TAMAN KLUANG BARAT, KLUANG JOHOR","Wednesday,Sunday","2.0135372, 103.3000659"
"JALAN 27,TAMAN KLUANG BARAT, KLUANG JOHOR","Wednesday,Sunday","2.0111997, 103.2933714"
"JALAN 28,TAMAN KLUANG BARAT, KLUANG JOHOR","Wednesday,Sunday","2.0128212, 103.2982425"
"JALAN 29,TAMAN KLUANG BARAT, KLUANG JOHOR","Wednesday,Sunday","2.0113506, 103.2930113"
"JALAN 30,TAMAN KLUANG BARAT, KLUANG JOHOR","Wednesday,Sunday","2.0131204, 103.299389"
"JALAN 31,TAMAN KLUANG BARAT, KLUANG JOHOR","Wednesday,Sunday","2.0117231, 103.2925067"
"JALAN 32,TAMAN KLUANG BARAT, KLUANG JOHOR","Wednesday,Sunday","2.013019, 103.299786"
"JALAN 33,TAMAN KLUANG BARAT, KLUANG JOHOR","Wednesday,Sunday","2.0110919, 103.292256"
"JALAN 34,TAMAN KLUANG BARAT, KLUANG JOHOR","Wednesday,Sunday","2.0125065, 103.2986231"
"JALAN 35,TAMAN KLUANG BARAT, KLUANG JOHOR","Wednesday,Sunday","2.010818, 103.291884"
"JALAN 36,TAMAN KLUANG BARAT, KLUANG JOHOR","Wednesday,Sunday","2.011259, 103.2907792"
"JALAN 37,TAMAN KLUANG BARAT, KLUANG JOHOR","Wednesday,Sunday","2.011259, 103.2907792"
"JALAN 37 A,TAMAN KLUANG BARAT, KLUANG JOHOR","Wednesday,Sunday","2.010818, 103.291884"
"JALAN 38,TAMAN KLUANG BARAT, KLUANG JOHOR","Wednesday,Sunday","2.012171, 103.2912053"
"JALAN 39,TAMAN KLUANG BARAT, KLUANG JOHOR","Tuesday,Friday","2.013506, 103.2917194"
"JALAN 39 A,TAMAN KLUANG BARAT, KLUANG JOHOR","Tuesday,Friday","2.012778, 103.291237"
"JALAN 39 B,TAMAN KLUANG BARAT, KLUANG JOHOR","Tuesday,Friday","2.0132683, 103.290983"
"JALAN 39 C,TAMAN KLUANG BARAT, KLUANG JOHOR","Tuesday,Friday","2.0136425, 103.2903249"
"JALAN 39 D,TAMAN KLUANG BARAT, KLUANG JOHOR","Tuesday,Friday","2.0144934, 103.2910452"
"JALAN 4,TAMAN KLUANG BARAT, KLUANG JOHOR","Wednesday,Sunday","2.0165697, 103.2973313"
"JALAN 40,TAMAN KLUANG BARAT, KLUANG JOHOR","Wednesday,Sunday","2.0120699, 103.2985483"
"JALAN 41,TAMAN KLUANG BARAT, KLUANG JOHOR","Tuesday,Friday","2.0121908, 103.2912583"
"JALAN 47,TAMAN KLUANG BARAT, KLUANG JOHOR","Tuesday,Friday","2.0135853, 103.2874702"
"JALAN 48,TAMAN KLUANG BARAT, KLUANG JOHOR","Wednesday,Sunday","2.0118092, 103.2952063"
"JALAN 5,TAMAN KLUANG BARAT, KLUANG JOHOR","Wednesday,Sunday","2.0123966, 103.296596"
"JALAN 50,TAMAN KLUANG BARAT, KLUANG JOHOR","Wednesday,Sunday","2.0118286, 103.2956621"
"JALAN 51,TAMAN KLUANG BARAT, KLUANG JOHOR","Monday,Tuesday,Wednesday,Thursday,Friday,Sunday","2.0116754, 103.2869034"
"JALAN 52,TAMAN KLUANG BARAT, KLUANG JOHOR","Wednesday,Sunday","2.0113925, 103.2953416"
"JALAN 53,TAMAN KLUANG BARAT, KLUANG JOHOR","Monday,Tuesday,Wednesday,Thursday,Friday,Sunday","2.0113819, 103.2863237"
"JALAN 54,TAMAN KLUANG BARAT, KLUANG JOHOR","Wednesday,Sunday","2.0116647, 103.2967113"
"JALAN 56,TAMAN KLUANG BARAT, KLUANG JOHOR","Wednesday,Sunday","2.0109173, 103.2939915"
"JALAN 6,TAMAN KLUANG BARAT, KLUANG JOHOR","Wednesday,Sunday","2.016141, 103.297981"
"JALAN 63,TAMAN KLUANG BARAT, KLUANG JOHOR","Tuesday,Friday","2.0100465, 103.2849563"
"JALAN 65,TAMAN KLUANG BARAT, KLUANG JOHOR","Tuesday,Friday","2.0087226, 103.2851253"
"JALAN 67,TAMAN KLUANG BARAT, KLUANG JOHOR","Tuesday,Friday","2.0095874, 103.2845816"
"JALAN 69,TAMAN KLUANG BARAT, KLUANG JOHOR","Tuesday,Friday","2.011259, 103.2907792"
"JALAN 7,TAMAN KLUANG BARAT, KLUANG JOHOR","Wednesday,Sunday","2.0125144, 103.2969963"
"JALAN 71,TAMAN KLUANG BARAT, KLUANG JOHOR","Tuesday,Friday","2.0105401, 103.2839859"
"JALAN 73,TAMAN KLUANG BARAT, KLUANG JOHOR","Tuesday,Friday","2.010283, 103.283546"
"JALAN 79,TAMAN KLUANG BARAT, KLUANG JOHOR","Tuesday,Friday","2.0079181, 103.2830716"
"JALAN 8,TAMAN KLUANG BARAT, KLUANG JOHOR","Wednesday,Sunday","2.0158301, 103.2982792"
"SMK TAMAN KLUANG BARAT,JALAN YULE CATTO,TAMAN KLUANG BARAT, KLUANG JOHOR","Monday,Tuesday,Wednesday,Thursday,Friday,Sunday","2.010923, 103.290589"
"SEKOLAH AGAMA SRI KLUANG BARAT,JALAN YULE CATTO,TAMAN KLUANG BARAT, KLUANG JOHOR","Monday,Tuesday,Wednesday,Thursday,Friday,Sunday","2.0112714, 103.2910694"
"SURAU AL-HIDAYAH,JALAN YULE CATTO,TAMAN KLUANG BARAT, KLUANG JOHOR","Monday,Tuesday,Wednesday,Thursday,Friday,Sunday","2.0112714, 103.2910694"
"SJKC CHIAU MING,JALAN REVERTEX,TAMAN KLUANG BARAT, KLUANG JOHOR","Monday,Tuesday,Wednesday,Thursday,Friday,Sunday","2.0114627, 103.2975383"
"GERAI MPK,JALAN REVERTEX,TAMAN KLUANG BARAT, KLUANG JOHOR","Monday,Tuesday,Wednesday,Thursday,Friday,Sunday","2.0114627, 103.2975383"
"KAMPUS INTAN,JALAN REVERTEX,TAMAN KLUANG BARAT, KLUANG JOHOR","Monday,Tuesday,Wednesday,Thursday,Friday,Sunday","2.0114627, 103.2975383"
"JALAN 53 A,TAMAN KLUANG BARAT, KLUANG JOHOR","Monday,Tuesday,Wednesday,Thursday,Friday,Sunday","2.0103777, 103.2858439"
"JALAN 53 B,TAMAN KLUANG BARAT, KLUANG JOHOR","Monday,Tuesday,Wednesday,Thursday,Friday,Sunday","2.0112768, 103.2863776"
"JALAN 51A,TAMAN KLUANG BARAT, KLUANG JOHOR","Tuesday,Friday","2.011496, 103.2882326"
"JALAN 51B,TAMAN KLUANG BARAT, KLUANG JOHOR","Tuesday,Friday","2.0118493, 103.2877464"
"JALAN 51C,TAMAN KLUANG BARAT, KLUANG JOHOR","Tuesday,Friday","2.0124629, 103.2877283"
"JALAN 51D,TAMAN KLUANG BARAT, KLUANG JOHOR","Tuesday,Friday","2.0128337, 103.2872436"
"JALAN 45A,TAMAN KLUANG BARAT, KLUANG JOHOR","Tuesday,Friday","2.0134298, 103.2895477"
"JALAN 45B,TAMAN KLUANG BARAT, KLUANG JOHOR","Tuesday,Friday","2.0137764, 103.289101"
"JALAN 75,TAMAN KLUANG BARAT, KLUANG JOHOR","Tuesday,Friday","2.009625, 103.283109"
"JALAN 128,TAMAN KLUANG BARAT, KLUANG JOHOR","Tuesday,Friday","2.010089, 103.282968"
"JALAN 130,TAMAN KLUANG BARAT, KLUANG JOHOR","Tuesday,Friday","2.0081521, 103.2834865"
"JALAN 41A,TAMAN KLUANG BARAT, KLUANG JOHOR","Tuesday,Friday","2.0118909, 103.2914737"
"JALAN 41B,TAMAN KLUANG BARAT, KLUANG JOHOR","Tuesday,Friday","2.0121006, 103.2909725"
"JALAN 43,TAMAN KLUANG BARAT, KLUANG JOHOR","Tuesday,Friday","2.013077, 103.290284"
"JALAN 43A,TAMAN KLUANG BARAT, KLUANG JOHOR","Tuesday,Friday","2.011259, 103.2907792"
"JALAN 43B,TAMAN KLUANG BARAT, KLUANG JOHOR","Tuesday,Friday","2.011259, 103.2907792"
"JALAN 43C,TAMAN KLUANG BARAT, KLUANG JOHOR","Tuesday,Friday","2.011259, 103.2907792"
"JALAN 44,TAMAN KLUANG BARAT, KLUANG JOHOR","Wednesday,Sunday","2.0120205, 103.2947254"
"JALAN 45,TAMAN KLUANG BARAT, KLUANG JOHOR","Tuesday,Friday","2.0151215, 103.289874"
"JALAN 46,TAMAN KLUANG BARAT, KLUANG JOHOR","Wednesday,Sunday","2.0124662, 103.2954918"
"JALAN 49D,TAMAN KLUANG BARAT, KLUANG JOHOR","Tuesday,Friday","2.0121502, 103.2883505"
"JALAN 49E,TAMAN KLUANG BARAT, KLUANG JOHOR","Tuesday,Friday","2.011259, 103.2907792"
"JALAN 49F,TAMAN KLUANG BARAT, KLUANG JOHOR","Tuesday,Friday","2.0135352, 103.2885982"
"JALAN EMAS,TAMAN KLUANG JAYA, KLUANG JOHOR","Monday,Tuesday,Wednesday,Thursday,Friday,Sunday","2.018327, 103.3040329"
"JALAN GANGSA,TAMAN KLUANG JAYA, KLUANG JOHOR","Tuesday,Friday","2.0190764, 103.3058108"
"JALAN PERAK,TAMAN KLUANG JAYA, KLUANG JOHOR","Tuesday,Friday","2.0196856, 103.3060353"
"JALAN SUASA,TAMAN KLUANG JAYA, KLUANG JOHOR","Tuesday,Friday","2.0188833, 103.3069048"
"JALAN TEMBAGA,TAMAN KLUANG JAYA, KLUANG JOHOR","Tuesday,Friday","2.0186105, 103.3064768"
"JALAN TIMAH,TAMAN KLUANG JAYA, KLUANG JOHOR","Tuesday,Friday","2.0155166, 103.3069298"
"JALAN LESTARI UTAMA,TAMAN LESTARI, KLUANG JOHOR","Monday,Tuesday,Wednesday,Thursday,Friday,Sunday","-7.5797392, 112.1087431"
"PERNIAGAAN AS HIGHWAY,JALAN LESTARI 1,TAMAN LESTARI, KLUANG JOHOR","Monday,Tuesday,Wednesday,Thursday,Friday,Sunday","-7.5797392, 112.1087431"
"JALAN CEMPEDAK,TAMAN LIAN SENG, KLUANG JOHOR","Wednesday,Sunday","2.0431048, 103.3159578"
"JALAN DELIMA,TAMAN LIAN SENG, KLUANG JOHOR","Wednesday,Sunday","2.0426775, 103.3166828"
"JALAN HAJI MANAN,TAMAN LIAN SENG, KLUANG JOHOR","Monday,Tuesday,Wednesday,Thursday,Friday,Sunday","2.0432479, 103.3166633"
"JALAN KELAPA,TAMAN LIAN SENG, KLUANG JOHOR","Wednesday,Sunday","2.0440183, 103.3171343"
"JALAN KELAPA,TAMAN LIAN SENG, KLUANG JOHOR","Monday,Tuesday,Wednesday,Thursday,Friday,Sunday","2.0440183, 103.3171343"
"JALAN KOKO,TAMAN LIAN SENG, KLUANG JOHOR","Wednesday,Sunday","2.0460976, 103.3189168"
"JALAN KOKO 1,TAMAN LIAN SENG, KLUANG JOHOR","Wednesday,Sunday","2.0506259, 103.3220443"
"JALAN KOKO 2,TAMAN LIAN SENG, KLUANG JOHOR","Wednesday,Sunday","2.0494648, 103.3198587"
"JALAN KOKO 3,TAMAN LIAN SENG, KLUANG JOHOR","Wednesday,Sunday","2.0483993, 103.3194596"
"JALAN KOKO 4,TAMAN LIAN SENG, KLUANG JOHOR","Wednesday,Sunday","2.048634, 103.3199113"
"JALAN KOKO 5,TAMAN LIAN SENG, KLUANG JOHOR","Wednesday,Sunday","2.0493523, 103.3199546"
"JALAN KOKO 6,TAMAN LIAN SENG, KLUANG JOHOR","Wednesday,Sunday","2.0492842, 103.3206736"
"JALAN KOKO 7,TAMAN LIAN SENG, KLUANG JOHOR","Wednesday,Sunday","2.0498487, 103.3210803"
"JALAN LIMAU,TAMAN LIAN SENG, KLUANG JOHOR","Wednesday,Sunday","2.0435807, 103.315896"
"JALAN PINANG,TAMAN LIAN SENG, KLUANG JOHOR","Wednesday,Sunday","2.0446877, 103.3172689"
"JALAN SUKUN,TAMAN LIAN SENG, KLUANG JOHOR","Wednesday,Sunday","2.0444286, 103.3149576"
"JALAN DATO SYED ZAIN 1,TAMAN MAJU JAYA, KLUANG JOHOR","Tuesday,Friday","2.0462288, 103.3170546"
"JALAN DATO SYED ZAIN 2,TAMAN MAJU JAYA, KLUANG JOHOR","Tuesday,Friday","2.0467694, 103.3167018"
"JALAN DATO SYED ZAIN 3,TAMAN MAJU JAYA, KLUANG JOHOR","Tuesday,Friday","2.0464993, 103.316955"
"JALAN MELODI,TAMAN MELODI, KLUANG JOHOR","Wednesday,Sunday","2.0511431, 103.3217187"
"JALAN MELODI 1,TAMAN MELODI, KLUANG JOHOR","Wednesday,Sunday","2.0509499, 103.3202678"
"JALAN MELODI 2,TAMAN MELODI, KLUANG JOHOR","Wednesday,Sunday","2.0516204, 103.3203921"
"JALAN MELODI 3,TAMAN MELODI, KLUANG JOHOR","Wednesday,Sunday","2.0521697, 103.3219957"
"JALAN MELODI 4,TAMAN MELODI, KLUANG JOHOR","Wednesday,Sunday","2.0524742, 103.3214434"
"JALAN MELODI 2/1,TAMAN MELODI, KLUANG JOHOR","Wednesday,Sunday","2.0516449, 103.3203708"
"JALAN MELODI 2/2,TAMAN MELODI, KLUANG JOHOR","Wednesday,Sunday","2.0506765, 103.3217764"
"JALAN HANG JEBAT,TAMAN MUHIBBAH, KLUANG JOHOR","Monday,Thursday","2.0050088, 103.3204412"
"JALAN HANG TUAH,TAMAN MUHIBBAH, KLUANG JOHOR","Monday,Thursday","2.0076315, 103.3198037"
"JALAN HANG TUAH 1,TAMAN MUHIBBAH, KLUANG JOHOR","Monday,Thursday","2.0074745, 103.3190494"
"JALAN HANG TUAH 1/1,TAMAN MUHIBBAH, KLUANG JOHOR","Monday,Thursday","2.0063477, 103.3178315"
"JALAN HANG TUAH 1/2,TAMAN MUHIBBAH, KLUANG JOHOR","Monday,Thursday","2.0082623, 103.3176307"
"JALAN HANG TUAH 1/3,TAMAN MUHIBBAH, KLUANG JOHOR","Monday,Thursday","2.0079045, 103.3185035"
"JALAN HANG TUAH 2,TAMAN MUHIBBAH, KLUANG JOHOR","Monday,Thursday","2.0068291, 103.3188947"
"JALAN HANG TUAH 2/1,TAMAN MUHIBBAH, KLUANG JOHOR","Monday,Thursday","2.0063701, 103.3195554"
"JALAN HANG TUAH 2/2,TAMAN MUHIBBAH, KLUANG JOHOR","Monday,Thursday","2.0060306, 103.318939"
"JALAN HANG TUAH 2/3,TAMAN MUHIBBAH, KLUANG JOHOR","Monday,Thursday","2.006168, 103.318376"
"JALAN HANG TUAH 3,TAMAN MUHIBBAH, KLUANG JOHOR","Monday,Thursday","2.0052301, 103.3189709"
"JALAN HANG TUAH 4,TAMAN MUHIBBAH, KLUANG JOHOR","Monday,Thursday","2.0045997, 103.3200339"
"JALAN HANG TUAH 4,TAMAN MUHIBBAH, KLUANG JOHOR","Monday,Tuesday,Wednesday,Thursday,Friday,Sunday","2.0045997, 103.3200339"
"JALAN HANG TUAH 4/1,TAMAN MUHIBBAH, KLUANG JOHOR","Monday,Tuesday,Wednesday,Thursday,Friday,Sunday","2.0064105, 103.322354"
"JALAN HANG TUAH 4/2,TAMAN MUHIBBAH, KLUANG JOHOR","Monday,Tuesday,Wednesday,Thursday,Friday,Sunday","2.0042821, 103.3228719"
"JALAN HANG TUAH 4/3,TAMAN MUHIBBAH, KLUANG JOHOR","Monday,Tuesday,Wednesday,Thursday,Friday,Sunday","2.005917, 103.3218329"
"JALAN HANG TUAH 4/4,TAMAN MUHIBBAH, KLUANG JOHOR","Monday,Thursday","2.0036914, 103.3199764"
"JALAN HANG TUAH 4/5,TAMAN MUHIBBAH, KLUANG JOHOR","Monday,Tuesday,Wednesday,Thursday,Friday,Sunday","2.0058159, 103.3211348"
"JALAN HANG TUAH 4/6,TAMAN MUHIBBAH, KLUANG JOHOR","Monday,Thursday","2.0030514, 103.3201351"
"JALAN HANG TUAH 4/7,TAMAN MUHIBBAH, KLUANG JOHOR","Monday,Thursday","2.0026499, 103.3195743"
"JALAN HANG TUAH 5,TAMAN MUHIBBAH, KLUANG JOHOR","Monday,Thursday","2.0044439, 103.3216653"
"JALAN HANG TUAH 5/1,TAMAN MUHIBBAH, KLUANG JOHOR","Monday,Thursday","2.0042039, 103.3217136"
"JALAN HANG TUAH 5/2,TAMAN MUHIBBAH, KLUANG JOHOR","Monday,Thursday","2.0031682, 103.3206354"
"JALAN HANG TUAH 6,TAMAN MUHIBBAH, KLUANG JOHOR","Monday,Thursday","2.0037305, 103.3210706"
"JALAN HANG TUAH 6/1,TAMAN MUHIBBAH, KLUANG JOHOR","Monday,Thursday","2.003555, 103.321556"
"JALAN HANG TUAH 6/2,TAMAN MUHIBBAH, KLUANG JOHOR","Monday,Thursday","2.0037305, 103.3210706"
"JALAN HANG TUAH 7/1,TAMAN MUHIBBAH, KLUANG JOHOR","Monday,Thursday","2.002535, 103.321507"
"JALAN HANG TUAH 7/2,TAMAN MUHIBBAH, KLUANG JOHOR","Monday,Thursday","2.0026794, 103.3210273"
"JALAN HANG TUAH 7/3,TAMAN MUHIBBAH, KLUANG JOHOR","Monday,Thursday","2.0024098, 103.3206913"
"JALAN HANG TUAH 8,TAMAN MUHIBBAH, KLUANG JOHOR","Monday,Thursday","2.003764, 103.3188448"
"JALAN HANG TUAH 8/1,TAMAN MUHIBBAH, KLUANG JOHOR","Monday,Thursday","2.002339, 103.3182765"
"JALAN HANG TUAH 9,TAMAN MUHIBBAH, KLUANG JOHOR","Monday,Thursday","2.002319, 103.319182"
"JALAN HANG TUAH 9/1,TAMAN MUHIBBAH, KLUANG JOHOR","Monday,Thursday","2.0033431, 103.31894"
"JALAN HANG TUAH 9/2,TAMAN MUHIBBAH, KLUANG JOHOR","Monday,Thursday","2.0029277, 103.3190341"
"JALAN HANG TUAH 9/3,TAMAN MUHIBBAH, KLUANG JOHOR","Monday,Thursday","2.002456, 103.318809"
"JALAN HANG TUAH 9/4,TAMAN MUHIBBAH, KLUANG JOHOR","Monday,Thursday","2.001909, 103.3185628"
"JALAN HANG TUAH 9/5,TAMAN MUHIBBAH, KLUANG JOHOR","Monday,Thursday","2.0015308, 103.318643"
"JALAN MURNI 1,TAMAN MURNI 1, KLUANG JOHOR","Monday,Tuesday,Wednesday,Thursday,Friday,Sunday","2.0500875, 103.3182525"
"JALAN MURNI 10,TAMAN MURNI 1, KLUANG JOHOR","Monday,Thursday","2.0532555, 103.3222025"
"JALAN MURNI 2,TAMAN MURNI 1, KLUANG JOHOR","Monday,Thursday","2.0504163, 103.3184841"
"JALAN MURNI 2,TAMAN MURNI 1, KLUANG JOHOR","Monday,Tuesday,Wednesday,Thursday,Friday,Sunday","2.0504163, 103.3184841"
"JALAN MURNI 3,TAMAN MURNI 1, KLUANG JOHOR","Monday,Thursday","2.0508062, 103.3191897"
"JALAN MURNI 4,TAMAN MURNI 1, KLUANG JOHOR","Monday,Thursday","2.0525863, 103.3198"
"JALAN MURNI 5,TAMAN MURNI 1, KLUANG JOHOR","Monday,Thursday","2.0517707, 103.3194101"
"JALAN MURNI 6,TAMAN MURNI 1, KLUANG JOHOR","Monday,Thursday","2.0519683, 103.3207402"
"JALAN MURNI 7,TAMAN MURNI 1, KLUANG JOHOR","Monday,Thursday","2.052365, 103.3212233"
"JALAN MURNI 8,TAMAN MURNI 1, KLUANG JOHOR","Monday,Thursday","2.0526549, 103.3215486"
"JALAN MURNI 9,TAMAN MURNI 1, KLUANG JOHOR","Monday,Thursday","2.0531528, 103.3217553"
"JALAN KUNDANG,TAMAN MURNI 2, KLUANG JOHOR","Monday,Thursday","2.053936, 103.3210171"
"JALAN KUNDANG 1,TAMAN MURNI 2, KLUANG JOHOR","Monday,Thursday","2.0509289, 103.3175839"
"JALAN KUNDANG 10,TAMAN MURNI 2, KLUANG JOHOR","Monday,Thursday","2.0537504, 103.3211755"
"JALAN KUNDANG 11,TAMAN MURNI 2, KLUANG JOHOR","Monday,Thursday","2.053914, 103.3202362"
"JALAN KUNDANG 12,TAMAN MURNI 2, KLUANG JOHOR","Monday,Thursday","2.0540593, 103.3206547"
"JALAN KUNDANG 13,TAMAN MURNI 2, KLUANG JOHOR","Monday,Thursday","2.0543376, 103.3209675"
"JALAN KUNDANG 2,TAMAN MURNI 2, KLUANG JOHOR","Monday,Thursday","2.0511413, 103.3179592"
"JALAN KUNDANG 3,TAMAN MURNI 2, KLUANG JOHOR","Monday,Thursday","2.0514651, 103.3182362"
"JALAN KUNDANG 4,TAMAN MURNI 2, KLUANG JOHOR","Monday,Thursday","2.0522953, 103.3183528"
"JALAN KUNDANG 5,TAMAN MURNI 2, KLUANG JOHOR","Monday,Thursday","2.0522695, 103.31942"
"JALAN KUNDANG 6,TAMAN MURNI 2, KLUANG JOHOR","Monday,Thursday","2.0526121, 103.3195391"
"JALAN KUNDANG 7,TAMAN MURNI 2, KLUANG JOHOR","Monday,Thursday","2.0531444, 103.3201544"
"JALAN KUNDANG 8,TAMAN MURNI 2, KLUANG JOHOR","Monday,Thursday","2.0530644, 103.319375"
"JALAN KUNDANG 9,TAMAN MURNI 2, KLUANG JOHOR","Monday,Thursday","2.0535257, 103.3197308"
"JALAN KUNDANG 16,TAMAN MURNI 2, KLUANG JOHOR","Monday,Thursday","2.0529827, 103.3194926"
"JALAN KUNDANG 14,TAMAN MURNI 2, KLUANG JOHOR","Monday,Thursday","2.0548267, 103.3213235"
"JALAN KUNDANG 15,TAMAN MURNI 2, KLUANG JOHOR","Monday,Thursday","2.0535984, 103.3206073"
"JALAN KUNDANG 17,TAMAN MURNI 2, KLUANG JOHOR","Monday,Thursday","2.0531118, 103.3180863"
"JALAN UTAMA,TAMAN MURNI JAYA, MACHAP, KLUANG JOHOR","Monday,Thursday","2.051805, 103.3191832"
"JALAN MURNI JAYA 1,TAMAN MURNI JAYA, MACHAP, KLUANG JOHOR","Monday,Thursday","1.8862915, 103.2623767"
"JALAN MURNI JAYA 2,TAMAN MURNI JAYA, MACHAP, KLUANG JOHOR","Monday,Thursday","1.886377, 103.2608906"
"JALAN MURNI JAYA 3,TAMAN MURNI JAYA, MACHAP, KLUANG JOHOR","Monday,Thursday","2.0505119, 103.3189023"
"JALAN MURNI JAYA 4,TAMAN MURNI JAYA, MACHAP, KLUANG JOHOR","Monday,Thursday","2.0505119, 103.3189023"
"JALAN MURNI JAYA 5,TAMAN MURNI JAYA, MACHAP, KLUANG JOHOR","Monday,Thursday","1.8857946, 103.2625528"
"JALAN MURNI JAYA 6,TAMAN MURNI JAYA, MACHAP, KLUANG JOHOR","Monday,Thursday","2.0505119, 103.3189023"
"JALAN NILAM 1,TAMAN NILAM, KLUANG JOHOR","Monday,Thursday","2.0171813, 103.2916886"
"JALAN NILAM 3,TAMAN NILAM, KLUANG JOHOR","Monday,Thursday","2.0169292, 103.2923198"
"JALAN NILAM 4,TAMAN NILAM, KLUANG JOHOR","Monday,Thursday","2.0174664, 103.2921534"
"JALAN NILAM 5,TAMAN NILAM, KLUANG JOHOR","Monday,Thursday","2.01829, 103.2914791"
"JALAN NILAM 6,TAMAN NILAM, KLUANG JOHOR","Monday,Thursday","2.0180167, 103.2920414"
"JALAN NILAM 7,TAMAN NILAM, KLUANG JOHOR","Monday,Thursday","2.018454, 103.2923721"
"JALAN NILAM 2,TAMAN NILAM, KLUANG JOHOR","Monday,Tuesday,Wednesday,Thursday,Friday,Sunday","2.0163677, 103.2927639"
"JALAN PALMA 1,TAMAN PALMA, KLUANG JOHOR","Monday,Thursday","2.0561398, 103.3133932"
"JALAN PALMA 2,TAMAN PALMA, KLUANG JOHOR","Monday,Thursday","2.0563344, 103.3139093"
"JALAN PALMA 3,TAMAN PALMA, KLUANG JOHOR","Monday,Thursday","2.0566762, 103.31439"
"JALAN PALMA 4,TAMAN PALMA, KLUANG JOHOR","Monday,Thursday","2.056702, 103.3147632"
"JALAN PALMA 5,TAMAN PALMA, KLUANG JOHOR","Monday,Thursday","2.057045, 103.314651"
"JALAN PELANGI,TAMAN PELANGI, KLUANG JOHOR","Wednesday,Sunday","2.0648156, 103.3096975"
"JALAN PELANGI 1,TAMAN PELANGI, KLUANG JOHOR","Wednesday,Sunday","2.06575, 103.3090195"
"JALAN PELANGI 10,TAMAN PELANGI, KLUANG JOHOR","Wednesday,Sunday","2.0638967, 103.311028"
"JALAN PELANGI 11,TAMAN PELANGI, KLUANG JOHOR","Wednesday,Sunday","2.0642575, 103.3114548"
"JALAN PELANGI 12,TAMAN PELANGI, KLUANG JOHOR","Wednesday,Sunday","2.0646494, 103.3119649"
"JALAN PELANGI 13,TAMAN PELANGI, KLUANG JOHOR","Wednesday,Sunday","2.0650258, 103.3123899"
"JALAN PELANGI 2,TAMAN PELANGI, KLUANG JOHOR","Wednesday,Sunday","2.065837, 103.3075555"
"JALAN PELANGI 3,TAMAN PELANGI, KLUANG JOHOR","Wednesday,Sunday","2.065151, 103.3072845"
"JALAN PELANGI 4,TAMAN PELANGI, KLUANG JOHOR","Wednesday,Sunday","2.0652529, 103.3077196"
"JALAN PELANGI 5,TAMAN PELANGI, KLUANG JOHOR","Wednesday,Sunday","2.0654962, 103.3080722"
"JALAN PELANGI 6,TAMAN PELANGI, KLUANG JOHOR","Wednesday,Sunday","2.065871, 103.3085911"
"JALAN PELANGI 7,TAMAN PELANGI, KLUANG JOHOR","Wednesday,Sunday","2.0657959, 103.3102975"
"JALAN PELANGI 8,TAMAN PELANGI, KLUANG JOHOR","Wednesday,Sunday","2.0652157, 103.3104192"
"JALAN PELANGI 9,TAMAN PELANGI, KLUANG JOHOR","Wednesday,Sunday","2.0649093, 103.3109654"
"JALAN PELANGI 14,TAMAN PELANGI, KLUANG JOHOR","Wednesday,Sunday","2.0631989, 103.3118406"
"JALAN PELANGI 15,TAMAN PELANGI, KLUANG JOHOR","Wednesday,Sunday","2.0633335, 103.3124741"
"JALAN PELANGI 16,TAMAN PELANGI, KLUANG JOHOR","Wednesday,Sunday","2.0629528, 103.3130678"
"JALAN PELANGI 17,TAMAN PELANGI, KLUANG JOHOR","Wednesday,Sunday","2.0635464, 103.3144115"
"JALAN PELANGI 18,TAMAN PELANGI, KLUANG JOHOR","Wednesday,Sunday","2.0633654, 103.3142655"
"JALAN PELANGI 19,TAMAN PELANGI, KLUANG JOHOR","Wednesday,Sunday","2.0630828, 103.3138551"
"JALAN PELANGI 20,TAMAN PELANGI, KLUANG JOHOR","Wednesday,Sunday","2.0630828, 103.3138551"
"JALAN PELANGI 21,TAMAN PELANGI, KLUANG JOHOR","Wednesday,Sunday","2.0621545, 103.313503"
"JALAN PELANGI 22,TAMAN PELANGI, KLUANG JOHOR","Wednesday,Sunday","2.0624817, 103.313169"
"JALAN PELANGI 23,TAMAN PELANGI, KLUANG JOHOR","Wednesday,Sunday","2.0623884, 103.3125126"
"JALAN PELANGI 24,TAMAN PELANGI, KLUANG JOHOR","Wednesday,Sunday","2.0621107, 103.3122442"
"JALAN PELANGI INDAH 1,TAMAN PELANGI INDAH, KLUANG JOHOR","Monday,Thursday","2.0623909, 103.3088926"
"JALAN PELANGI INDAH 2,TAMAN PELANGI INDAH, KLUANG JOHOR","Monday,Thursday","2.0629045, 103.3078058"
"JALAN PELANGI INDAH 3,TAMAN PELANGI INDAH, KLUANG JOHOR","Monday,Thursday","2.062253, 103.3076688"
"JALAN PELANGI INDAH 4,TAMAN PELANGI INDAH, KLUANG JOHOR","Monday,Thursday","2.0619284, 103.3074312"
"JALAN PELANGI JAYA 1,TAMAN PELANGI JAYA, KLUANG JOHOR","Monday,Thursday","2.0610825, 103.3118459"
"JALAN PELANGI JAYA 2,TAMAN PELANGI JAYA, KLUANG JOHOR","Monday,Tuesday,Wednesday,Thursday,Friday,Sunday","2.0603308, 103.3104924"
"JALAN PELANGI JAYA 3,TAMAN PELANGI JAYA, KLUANG JOHOR","Monday,Thursday","2.0604984, 103.3110856"
"JALAN PELANGI JAYA 4,TAMAN PELANGI JAYA, KLUANG JOHOR","Monday,Thursday","2.0604631, 103.3117916"
"JALAN PELANGI JAYA 5,TAMAN PELANGI JAYA, KLUANG JOHOR","Monday,Thursday","2.0605001, 103.3123374"
"JALAN PELANGI JAYA 6,TAMAN PELANGI JAYA, KLUANG JOHOR","Monday,Thursday","2.0609097, 103.3124618"
"JALAN PELANGI JAYA 7,TAMAN PELANGI JAYA, KLUANG JOHOR","Monday,Thursday","2.0613848, 103.3116323"
"JALAN PELANGI JAYA 8,TAMAN PELANGI JAYA, KLUANG JOHOR","Monday,Thursday","2.0610608, 103.3109283"
"JALAN PERMATA 1,TAMAN PERMATA, KLUANG JOHOR","Monday,Thursday","2.0223377, 103.2920695"
"JALAN PERMATA 10,TAMAN PERMATA, KLUANG JOHOR","Monday,Thursday","2.0228263, 103.2921122"
"JALAN PERMATA 11,TAMAN PERMATA, KLUANG JOHOR","Monday,Thursday","2.0235039, 103.2915181"
"JALAN PERMATA 11/5,TAMAN PERMATA, KLUANG JOHOR","Monday,Thursday","2.024145, 103.290321"
"JALAN PERMATA 12,TAMAN PERMATA, KLUANG JOHOR","Monday,Thursday","2.0243376, 103.2916801"
"JALAN PERMATA 2,TAMAN PERMATA, KLUANG JOHOR","Monday,Thursday","2.0221402, 103.2922528"
"JALAN PERMATA 3,TAMAN PERMATA, KLUANG JOHOR","Monday,Thursday","2.0224202, 103.2912001"
"JALAN PERMATA 4/2,TAMAN PERMATA, KLUANG JOHOR","Monday,Thursday","2.0212731, 103.2932631"
"JALAN PERMATA 5,TAMAN PERMATA, KLUANG JOHOR","Monday,Thursday","2.0218723, 103.2913146"
"JALAN PERMATA 6,TAMAN PERMATA, KLUANG JOHOR","Monday,Thursday","2.0216304, 103.2929184"
"JALAN PERMATA 6/2,TAMAN PERMATA, KLUANG JOHOR","Monday,Thursday","2.0213438, 103.2929711"
"JALAN PERMATA 6/4,TAMAN PERMATA, KLUANG JOHOR","Monday,Thursday","2.0219941, 103.2934002"
"JALAN PERMATA 7,TAMAN PERMATA, KLUANG JOHOR","Monday,Thursday","2.0224202, 103.2912001"
"JALAN PERMATA 8,TAMAN PERMATA, KLUANG JOHOR","Monday,Thursday","2.0210912, 103.2922465"
"JALAN PERMATA 8/2,TAMAN PERMATA, KLUANG JOHOR","Monday,Tuesday,Wednesday,Thursday,Friday,Sunday","2.0231414, 103.2935531"
"JALAN PERMATA 11/1,TAMAN PERMATA, KLUANG JOHOR","Monday,Thursday","2.0237229, 103.2912688"
"JALAN PERMATA 11/3,TAMAN PERMATA, KLUANG JOHOR","Monday,Thursday","2.0239575, 103.2907944"
"JALAN PERMATA,TAMAN PERMATA 1, KLUANG JOHOR","Monday,Thursday","2.0250977, 103.2914437"
"JALAN PERMATA 13/1,TAMAN PERMATA 1, KLUANG JOHOR","Monday,Thursday","2.0252587, 103.2918599"
"JALAN PERMATA 13/2,TAMAN PERMATA 1, KLUANG JOHOR","Monday,Thursday","2.0251355, 103.2923496"
"JALAN PERMATA 13/3,TAMAN PERMATA 1, KLUANG JOHOR","Monday,Thursday","2.0247263, 103.2926154"
"JALAN PERMATA 13/4,TAMAN PERMATA 1, KLUANG JOHOR","Monday,Thursday","2.0255852, 103.2917196"
"JALAN PERMATA 13/5,TAMAN PERMATA 1, KLUANG JOHOR","Monday,Thursday","2.0261513, 103.2916807"
"JALAN PERMATA 13/6,TAMAN PERMATA 1, KLUANG JOHOR","Monday,Thursday","2.0265657, 103.291561"
"JALAN PERMATA 14/1,TAMAN PERMATA 1, KLUANG JOHOR","Monday,Thursday","2.024897, 103.2909251"
"JALAN PERMATA 14/2,TAMAN PERMATA 1, KLUANG JOHOR","Monday,Thursday","2.0256524, 103.2903159"
"JALAN PERMATA 14/3,TAMAN PERMATA 1, KLUANG JOHOR","Monday,Thursday","2.0247833, 103.290114"
"JALAN PERMATA 14/4,TAMAN PERMATA 1, KLUANG JOHOR","Monday,Thursday","2.0256524, 103.2903159"
"JALAN PERWIRA JAYA 1,TAMAN PERWIRA JAYA, KLUANG JOHOR","Monday,Thursday","2.0540049, 103.3149679"
"JALAN PERWIRA JAYA 1,TAMAN PERWIRA JAYA, KLUANG JOHOR","Monday,Tuesday,Wednesday,Thursday,Friday,Sunday","2.0540049, 103.3149679"
"JALAN PERWIRA JAYA 2,TAMAN PERWIRA JAYA, KLUANG JOHOR","Monday,Thursday","2.0546079, 103.3151807"
"JALAN PERWIRA JAYA 3,TAMAN PERWIRA JAYA, KLUANG JOHOR","Monday,Thursday","2.0543038, 103.3161316"
"JALAN PERWIRA JAYA 4,TAMAN PERWIRA JAYA, KLUANG JOHOR","Monday,Thursday","2.0546192, 103.3164111"
"JALAN PERWIRA JAYA 5,TAMAN PERWIRA JAYA, KLUANG JOHOR","Monday,Thursday","2.055352, 103.3155944"
"JALAN PERWIRA JAYA 6,TAMAN PERWIRA JAYA, KLUANG JOHOR","Monday,Thursday","2.0555778, 103.3153825"
"JALAN PERWIRA JAYA 7,TAMAN PERWIRA JAYA, KLUANG JOHOR","Monday,Thursday","2.0561394, 103.3148123"
"JALAN PERWIRA JAYA 8,TAMAN PERWIRA JAYA, KLUANG JOHOR","Monday,Thursday","2.0564977, 103.3152769"
"JALAN REBANA,TAMAN REBANA, KLUANG JOHOR","Tuesday,Friday","2.0457644, 103.3152364"
"JALAN REBANA 1,TAMAN REBANA, KLUANG JOHOR","Tuesday,Friday","2.045891, 103.315904"
"JALAN REBANA 2,TAMAN REBANA, KLUANG JOHOR","Tuesday,Friday","2.0462828, 103.3157442"
"JALAN REBANA 3,TAMAN REBANA, KLUANG JOHOR","Tuesday,Friday","2.0462828, 103.3157442"
"JALAN RIA 8,TAMAN RIA, SRI LALANG, KLUANG JOHOR","Tuesday,Friday","1.985131, 103.2515787"
"JALAN RIA,TAMAN RIA, SRI LALANG, KLUANG JOHOR","Monday,Tuesday,Wednesday,Thursday,Friday,Sunday","1.9853297, 103.2504895"
"JALAN RIA 1,TAMAN RIA, SRI LALANG, KLUANG JOHOR","Tuesday,Friday","1.9851376, 103.2511147"
"JALAN RIA 2,TAMAN RIA, SRI LALANG, KLUANG JOHOR","Monday,Tuesday,Wednesday,Thursday,Friday,Sunday","1.9856327, 103.2508532"
"JALAN RIA 3,TAMAN RIA, SRI LALANG, KLUANG JOHOR","Tuesday,Friday","1.822121, 103.301979"
"JALAN RIA 4,TAMAN RIA, SRI LALANG, KLUANG JOHOR","Tuesday,Friday","1.9846447, 103.2508946"
"JALAN RIA 5,TAMAN RIA, SRI LALANG, KLUANG JOHOR","Tuesday,Friday","1.9843403, 103.2510447"
"JALAN RIA 6,TAMAN RIA, SRI LALANG, KLUANG JOHOR","Tuesday,Friday","1.9844022, 103.2505676"
"JALAN RIA 7,TAMAN RIA, SRI LALANG, KLUANG JOHOR","Tuesday,Friday","1.9853804, 103.2509895"
"JALAN RIA 9,TAMAN RIA, SRI LALANG, KLUANG JOHOR","Tuesday,Friday","1.9849232, 103.2518636"
"JALAN SAUJANA DESA 1,TAMAN SAUJANA, KLUANG JOHOR","Wednesday,Sunday","2.0245167, 103.2790098"
"JALAN SAUJANA DESA 2,TAMAN SAUJANA, KLUANG JOHOR","Wednesday,Sunday","1.5037083, 103.4060106"
"JALAN SAUJANA BESTARI 11,TAMAN SAUJANA, KLUANG JOHOR","Wednesday,Sunday","2.020258, 103.2766365"
"JALAN SAUJANA BESTARI 10,TAMAN SAUJANA, KLUANG JOHOR","Wednesday,Sunday","2.019709, 103.276725"
"JALAN SAUJANA BESTARI 9,TAMAN SAUJANA, KLUANG JOHOR","Wednesday,Sunday","2.0191584, 103.2768137"
"JALAN SAUJANA BESTARI 8,TAMAN SAUJANA, KLUANG JOHOR","Wednesday,Sunday","2.0186231, 103.2769098"
"JALAN SAUJANA BESTARI 7,TAMAN SAUJANA, KLUANG JOHOR","Wednesday,Sunday","2.0180965, 103.2769546"
"JALAN SAUJANA BESTARI 6,TAMAN SAUJANA, KLUANG JOHOR","Wednesday,Sunday","2.0175424, 103.2770554"
"JALAN SAUJANA BESTARI 5,TAMAN SAUJANA, KLUANG JOHOR","Wednesday,Sunday","2.0170507, 103.2771184"
"JALAN SAUJANA BESTARI 4,TAMAN SAUJANA, KLUANG JOHOR","Wednesday,Sunday","2.0165357, 103.277207"
"JALAN SAUJANA BESTARI 3,TAMAN SAUJANA, KLUANG JOHOR","Wednesday,Sunday","2.0160424, 103.2772723"
"JALAN SAUJANA BESTARI 2,TAMAN SAUJANA, KLUANG JOHOR","Wednesday,Sunday","2.0155304, 103.277347"
"JALAN SAUJANA BESTARI 1,TAMAN SAUJANA, KLUANG JOHOR","Wednesday,Sunday","2.0150451, 103.2778514"
"JALAN SAUJANA GEMILANG 4,TAMAN SAUJANA, KLUANG JOHOR","Wednesday,Sunday","2.0159464, 103.2762871"
"JALAN SAUJANA GEMILANG 5,TAMAN SAUJANA, KLUANG JOHOR","Wednesday,Sunday","2.0164974, 103.2743247"
"JALAN SAUJANA GEMILANG 6,TAMAN SAUJANA, KLUANG JOHOR","Wednesday,Sunday","2.0170082, 103.2751136"
"JALAN SAUJANA GEMILANG 7,TAMAN SAUJANA, KLUANG JOHOR","Wednesday,Sunday","2.0175767, 103.2750889"
"JALAN SAUJANA GEMILANG 8,TAMAN SAUJANA, KLUANG JOHOR","Wednesday,Sunday","2.018132, 103.2758849"
"JALAN SAUJANA GEMILANG 9,TAMAN SAUJANA, KLUANG JOHOR","Wednesday,Sunday","2.0187964, 103.2747571"
"JALAN SAUJANA IMPIAN 1,TAMAN SAUJANA, KLUANG JOHOR","Wednesday,Sunday","2.0207768, 103.277569"
"JALAN SAUJANA IMPIAN 2,TAMAN SAUJANA, KLUANG JOHOR","Wednesday,Sunday","2.0213638, 103.2776155"
"JALAN SAUJANA DAMAI 1,TAMAN SAUJANA, KLUANG JOHOR","Wednesday,Sunday","2.0238706, 103.2786467"
"JALAN SAUJANA DAMAI 2,TAMAN SAUJANA, KLUANG JOHOR","Wednesday,Sunday","2.0235144, 103.2793213"
"JALAN SAUJANA GEMILANG 1,TAMAN SAUJANA, KLUANG JOHOR","Wednesday,Sunday","2.0150707, 103.2764679"
"JALAN SAUJANA GEMILANG 2,TAMAN SAUJANA, KLUANG JOHOR","Wednesday,Sunday","2.0150707, 103.2764679"
"JALAN SAUJANA GEMILANG 3,TAMAN SAUJANA, KLUANG JOHOR","Wednesday,Sunday","2.0142135, 103.2761578"
"JALAN SAUJANA GEMILANG 10,TAMAN SAUJANA, KLUANG JOHOR","Wednesday,Sunday","2.019478, 103.2756635"
"JALAN SAUJANA UTAMA 1,TAMAN SAUJANA, KLUANG JOHOR","Monday,Tuesday,Wednesday,Thursday,Friday,Sunday","2.015396, 103.276561"
"JALAN SERI SURIA 1,TAMAN SERI SURIA, KLUANG JOHOR","Monday,Thursday","2.0543174, 103.3122952"
"JALAN SERI SURIA 2,TAMAN SERI SURIA, KLUANG JOHOR","Monday,Thursday","2.0544122, 103.3133038"
"JALAN SERI SURIA 3,TAMAN SERI SURIA, KLUANG JOHOR","Monday,Thursday","2.0523885, 103.311503"
"JALAN SERI SURIA 4,TAMAN SERI SURIA, KLUANG JOHOR","Monday,Thursday","2.0533572, 103.3109157"
"JALAN SERI SURIA 5,TAMAN SERI SURIA, KLUANG JOHOR","Monday,Thursday","2.0523885, 103.311503"
"JALAN SERI SURIA 6,TAMAN SERI SURIA, KLUANG JOHOR","Monday,Thursday","2.0527523, 103.3099395"
"JALAN 1/1,TAMAN SRI KLUANG, KLUANG JOHOR","Wednesday,Sunday","2.0298273, 103.3025201"
"JALAN 1/1A,TAMAN SRI KLUANG, KLUANG JOHOR","Wednesday,Sunday","2.0302588, 103.3026162"
"JALAN 1/10,TAMAN SRI KLUANG, KLUANG JOHOR","Wednesday,Sunday","2.0259202, 103.3027087"
"JALAN 1/11,TAMAN SRI KLUANG, KLUANG JOHOR","Wednesday,Sunday","2.0271568, 103.3026252"
"JALAN 1/12,TAMAN SRI KLUANG, KLUANG JOHOR","Wednesday,Sunday","2.0269597, 103.3019047"
"JALAN 1/13,TAMAN SRI KLUANG, KLUANG JOHOR","Monday,Tuesday,Wednesday,Thursday,Friday,Sunday","2.0268772, 103.3013788"
"JALAN 1/15,TAMAN SRI KLUANG, KLUANG JOHOR","Wednesday,Sunday","2.0246205, 103.3025381"
"JALAN 1/16,TAMAN SRI KLUANG, KLUANG JOHOR","Wednesday,Sunday","2.0246887, 103.3012919"
"JALAN 1/17,TAMAN SRI KLUANG, KLUANG JOHOR","Wednesday,Sunday","2.0248457, 103.3017623"
"JALAN 1/18,TAMAN SRI KLUANG, KLUANG JOHOR","Wednesday,Sunday","2.0250212, 103.302259"
"JALAN 1/19,TAMAN SRI KLUANG, KLUANG JOHOR","Wednesday,Sunday","2.0249083, 103.3028363"
"JALAN 1/2,TAMAN SRI KLUANG, KLUANG JOHOR","Wednesday,Sunday","2.0291833, 103.3026299"
"JALAN 1/4,TAMAN SRI KLUANG, KLUANG JOHOR","Wednesday,Sunday","2.029651, 103.3031947"
"JALAN 1/5,TAMAN SRI KLUANG, KLUANG JOHOR","Wednesday,Sunday","2.0299752, 103.3019179"
"JALAN 1/5A,TAMAN SRI KLUANG, KLUANG JOHOR","Wednesday,Sunday","2.0311525, 103.3015212"
"JALAN 1/5B,TAMAN SRI KLUANG, KLUANG JOHOR","Wednesday,Sunday","2.0306394, 103.3025879"
"JALAN 1/6,TAMAN SRI KLUANG, KLUANG JOHOR","Wednesday,Sunday","2.0267132, 103.3038778"
"JALAN 1/7,TAMAN SRI KLUANG, KLUANG JOHOR","Wednesday,Sunday","2.0275948, 103.302866"
"MASJID AL-IKRAM,JALAN 1/7,TAMAN SRI KLUANG, KLUANG JOHOR","Monday,Tuesday,Wednesday,Thursday,Friday,Sunday","2.0254347, 103.3033467"
"JALAN 1/8,TAMAN SRI KLUANG, KLUANG JOHOR","Wednesday,Sunday","2.0271115, 103.3029483"
"JALAN 1/9,TAMAN SRI KLUANG, KLUANG JOHOR","Wednesday,Sunday","2.0265278, 103.3024256"
"JALAN 10,TAMAN SRI KLUANG, KLUANG JOHOR","Wednesday,Sunday","2.0292636, 103.2988845"
"JALAN 14/1,TAMAN SRI KLUANG, KLUANG JOHOR","Tuesday,Friday","2.029141, 103.297754"
"JALAN 16,TAMAN SRI KLUANG, KLUANG JOHOR","Tuesday,Friday","2.0283569, 103.2967616"
"SMK TAMAN SRI KLUANG,JALAN 16,TAMAN SRI KLUANG, KLUANG JOHOR","Monday,Tuesday,Wednesday,Thursday,Friday,Sunday","2.0281733, 103.2971159"
"JALAN 16/1,TAMAN SRI KLUANG, KLUANG JOHOR","Tuesday,Friday","2.0268141, 103.2974074"
"JALAN 2/11,TAMAN SRI KLUANG, KLUANG JOHOR","Tuesday,Friday","2.0241098, 103.2979999"
"JALAN 2/12,TAMAN SRI KLUANG, KLUANG JOHOR","Tuesday,Friday","2.0235947, 103.2969264"
"JALAN 2/13,TAMAN SRI KLUANG, KLUANG JOHOR","Tuesday,Friday","2.0241125, 103.2982832"
"JALAN 2/15,TAMAN SRI KLUANG, KLUANG JOHOR","Tuesday,Friday","2.0242327, 103.2972257"
"JALAN 2/16,TAMAN SRI KLUANG, KLUANG JOHOR","Tuesday,Friday","2.0238358, 103.298044"
"JALAN 2/17,TAMAN SRI KLUANG, KLUANG JOHOR","Tuesday,Friday","2.0231577, 103.2975061"
"JALAN 2/18,TAMAN SRI KLUANG, KLUANG JOHOR","Tuesday,Friday","2.0235947, 103.2969264"
"JALAN 3,TAMAN SRI KLUANG, KLUANG JOHOR","Monday,Thursday","2.032779, 103.3002144"
"JALAN 3,TAMAN SRI KLUANG, KLUANG JOHOR","Monday,Tuesday,Wednesday,Thursday,Friday,Sunday","2.032779, 103.3002144"
"JALAN 3/1,TAMAN SRI KLUANG, KLUANG JOHOR","Monday,Thursday","2.0315463, 103.2973303"
"JALAN 3/10,TAMAN SRI KLUANG, KLUANG JOHOR","Monday,Thursday","2.0340431, 103.2995227"
"JALAN 3/11,TAMAN SRI KLUANG, KLUANG JOHOR","Monday,Thursday","2.0317364, 103.3002694"
"JALAN 3/12,TAMAN SRI KLUANG, KLUANG JOHOR","Monday,Thursday","2.0346965, 103.2981716"
"JALAN 3/15,TAMAN SRI KLUANG, KLUANG JOHOR","Monday,Thursday","2.0347088, 103.2976151"
"JALAN 3/16,TAMAN SRI KLUANG, KLUANG JOHOR","Monday,Thursday","2.0339954, 103.2970745"
"JALAN 3/17,TAMAN SRI KLUANG, KLUANG JOHOR","Monday,Thursday","2.0336938, 103.2964797"
"JALAN 3/18,TAMAN SRI KLUANG, KLUANG JOHOR","Monday,Thursday","2.0348123, 103.2969104"
"JALAN 3/19,TAMAN SRI KLUANG, KLUANG JOHOR","Monday,Thursday","2.0353327, 103.2968016"
"JALAN 3/2,TAMAN SRI KLUANG, KLUANG JOHOR","Monday,Thursday","2.0315609, 103.2985594"
"JALAN 3/20,TAMAN SRI KLUANG, KLUANG JOHOR","Monday,Thursday","2.0346892, 103.2962908"
"JALAN 3/21,TAMAN SRI KLUANG, KLUANG JOHOR","Monday,Thursday","2.0341813, 103.295834"
"JALAN 3/22,TAMAN SRI KLUANG, KLUANG JOHOR","Monday,Thursday","2.0324877, 103.295455"
"JALAN 3/22A,TAMAN SRI KLUANG, KLUANG JOHOR","Monday,Thursday","2.0326192, 103.2960027"
"JALAN 3/23,TAMAN SRI KLUANG, KLUANG JOHOR","Monday,Thursday","2.0329253, 103.2947118"
"JALAN 3/25,TAMAN SRI KLUANG, KLUANG JOHOR","Monday,Thursday","2.0330658, 103.2953656"
"JALAN 3/26,TAMAN SRI KLUANG, KLUANG JOHOR","Monday,Thursday","2.033596, 103.2951949"
"JALAN 3/27,TAMAN SRI KLUANG, KLUANG JOHOR","Monday,Thursday","2.0341324, 103.2950861"
"JALAN 3/28,TAMAN SRI KLUANG, KLUANG JOHOR","Monday,Thursday","2.0346572, 103.2949546"
"JALAN 3/29,TAMAN SRI KLUANG, KLUANG JOHOR","Monday,Thursday","2.0351822, 103.2948436"
"JALAN 3/3,TAMAN SRI KLUANG, KLUANG JOHOR","Monday,Thursday","2.0334377, 103.2981929"
"JALAN 3/4,TAMAN SRI KLUANG, KLUANG JOHOR","Monday,Thursday","2.0325944, 103.2996787"
"JALAN 3/5,TAMAN SRI KLUANG, KLUANG JOHOR","Monday,Thursday","2.0323342, 103.2992544"
"JALAN 3/6,TAMAN SRI KLUANG, KLUANG JOHOR","Monday,Thursday","2.0320218, 103.2985961"
"JALAN 3/7,TAMAN SRI KLUANG, KLUANG JOHOR","Monday,Thursday","2.0323298, 103.2985852"
"JALAN 3/8,TAMAN SRI KLUANG, KLUANG JOHOR","Monday,Thursday","2.0328673, 103.2980689"
"JALAN 3/9,TAMAN SRI KLUANG, KLUANG JOHOR","Monday,Thursday","2.0346032, 103.2987248"
"JALAN 4/1,TAMAN SRI KLUANG, KLUANG JOHOR","Tuesday,Friday","2.0268294, 103.300346"
"JALAN 4/2,TAMAN SRI KLUANG, KLUANG JOHOR","Tuesday,Friday","2.027337, 103.3005419"
"JALAN 4/3,TAMAN SRI KLUANG, KLUANG JOHOR","Tuesday,Friday","2.0277757, 103.3007176"
"JALAN 5,TAMAN SRI KLUANG, KLUANG JOHOR","Monday,Thursday","2.0367318, 103.3001704"
"JALAN 5/1,TAMAN SRI KLUANG, KLUANG JOHOR","Monday,Thursday","2.0330271, 103.3011224"
"JALAN 5/10,TAMAN SRI KLUANG, KLUANG JOHOR","Monday,Thursday","2.0363715, 103.299412"
"JALAN 5/11,TAMAN SRI KLUANG, KLUANG JOHOR","Monday,Thursday","2.036406, 103.2983904"
"JALAN 5/12,TAMAN SRI KLUANG, KLUANG JOHOR","Monday,Thursday","2.0368677, 103.2987881"
"JALAN 5/2,TAMAN SRI KLUANG, KLUANG JOHOR","Monday,Thursday","2.0334329, 103.3013752"
"JALAN 5/3,TAMAN SRI KLUANG, KLUANG JOHOR","Monday,Thursday","2.033074, 103.3016432"
"JALAN 5/4,TAMAN SRI KLUANG, KLUANG JOHOR","Monday,Thursday","2.032673, 103.3016691"
"JALAN 5/5,TAMAN SRI KLUANG, KLUANG JOHOR","Monday,Thursday","2.0338914, 103.3018717"
"JALAN 5/6,TAMAN SRI KLUANG, KLUANG JOHOR","Monday,Thursday","2.0344527, 103.3020616"
"JALAN 5/7,TAMAN SRI KLUANG, KLUANG JOHOR","Monday,Thursday","2.0355342, 103.3006827"
"JALAN 5/8,TAMAN SRI KLUANG, KLUANG JOHOR","Monday,Thursday","2.0353629, 103.3002508"
"JALAN 5/9,TAMAN SRI KLUANG, KLUANG JOHOR","Monday,Thursday","2.036021, 103.2998756"
"JALAN 6,TAMAN SRI KLUANG, KLUANG JOHOR","Monday,Tuesday,Wednesday,Thursday,Friday,Sunday","2.0275689, 103.2989138"
"JALAN 8,TAMAN SRI KLUANG, KLUANG JOHOR","Monday,Tuesday,Wednesday,Thursday,Friday,Sunday","2.0283799, 103.2992884"
"JALAN 4,TAMAN SRI KLUANG, KLUANG JOHOR","Monday,Tuesday,Wednesday,Thursday,Friday,Sunday","2.0268021, 103.2991799"
"JALAN 1,TAMAN SRI KLUANG, KLUANG JOHOR","Monday,Tuesday,Wednesday,Thursday,Friday,Sunday","2.0300834, 103.2985157"
"JALAN 1,TAMAN SRI KLUANG, KLUANG JOHOR","Monday,Tuesday,Wednesday,Thursday,Friday,Sunday","2.0300834, 103.2985157"
"JALAN 14/3,TAMAN SRI KLUANG, KLUANG JOHOR","Tuesday,Friday","2.0297929, 103.2963486"
"JALAN 14/4,TAMAN SRI KLUANG, KLUANG JOHOR","Tuesday,Friday","2.0291391, 103.2964322"
"JALAN 5/5A,TAMAN SRI KLUANG, KLUANG JOHOR","Monday,Thursday","2.0343812, 103.3010715"
"JALAN 2,TAMAN SRI KLUANG, KLUANG JOHOR","Tuesday,Friday","2.026611, 103.3011714"
"JALAN 2,TAMAN SRI KLUANG, KLUANG JOHOR","Monday,Tuesday,Wednesday,Thursday,Friday,Sunday","2.026611, 103.3011714"
"JALAN 14/2,TAMAN SRI KLUANG, KLUANG JOHOR","Tuesday,Friday","2.0288865, 103.2969719"
"JALAN 2/14,TAMAN SRI KLUANG, KLUANG JOHOR","Tuesday,Friday","2.0247674, 103.2970823"
"JALAN 16/2,TAMAN SRI KLUANG, KLUANG JOHOR","Tuesday,Friday","2.0276112, 103.2970004"
"JALAN 1A,TAMAN SRI KLUANG, KLUANG JOHOR","Monday,Tuesday,Wednesday,Thursday,Friday,Sunday","2.026086, 103.3007371"
"JALAN 23,TAMAN SRI KLUANG 2, KLUANG JOHOR","Tuesday,Friday","2.0336184, 103.2918824"
"JALAN 25,TAMAN SRI KLUANG 2, KLUANG JOHOR","Tuesday,Friday","2.0340179, 103.2916626"
"JALAN 27,TAMAN SRI KLUANG 2, KLUANG JOHOR","Tuesday,Friday","2.0109534, 103.293506"
"JALAN 29,TAMAN SRI KLUANG 2, KLUANG JOHOR","Tuesday,Friday","2.0109051, 103.2932353"
"JALAN 18A,TAMAN SRI KLUANG 2, KLUANG JOHOR","Monday,Tuesday,Wednesday,Thursday,Friday,Sunday","2.0343441, 103.2938691"
"JALAN DATO SYED ZAIN,TAMAN SRI MERNANTI, KLUANG JOHOR","Tuesday,Friday","2.0463852, 103.3178535"
"JALAN INTAN,TAMAN SRI MERNANTI, KLUANG JOHOR","Tuesday,Friday","2.0465714, 103.3185309"
"JALAN INTAN 1,TAMAN SRI MERNANTI, KLUANG JOHOR","Tuesday,Friday","2.0474108, 103.3187577"
"JALAN MUTIARA,TAMAN SRI MERNANTI, KLUANG JOHOR","Tuesday,Friday","2.0471689, 103.3182454"
"JALAN NILAM,TAMAN SRI MERNANTI, KLUANG JOHOR","Tuesday,Friday","2.0476275, 103.3175767"
"JALAN ZAMRUD,TAMAN SRI MERNANTI, KLUANG JOHOR","Tuesday,Friday","2.0477141, 103.3185109"
"JALAN ZAMRUD 1,TAMAN SRI MERNANTI, KLUANG JOHOR","Tuesday,Friday","2.0484218, 103.3185497"
"JALAN ZAMRUD 2,TAMAN SRI MERNANTI, KLUANG JOHOR","Tuesday,Friday","2.0478752, 103.3188584"
"JALAN ZAMRUD 3,TAMAN SRI MERNANTI, KLUANG JOHOR","Tuesday,Friday","2.0478752, 103.3188584"
"JALAN ZAMRUD 4,TAMAN SRI MERNANTI, KLUANG JOHOR","Tuesday,Friday","2.0473479, 103.3178572"
"LORONG INTAN,TAMAN SRI MERNANTI, KLUANG JOHOR","Tuesday,Friday","2.0465714, 103.3185309"
"JALAN SUSUR HAJI ITHNIN MAAROF,TAMAN SRI MERNANTI, KLUANG JOHOR","Tuesday,Friday","2.0488298, 103.3318286"
"JALAN KEDONDONG,TAMAN SRI SURIA, KLUANG JOHOR","Monday,Thursday","2.0560955, 103.3130761"
"JALAN KEDONDONG 1,TAMAN SRI SURIA, KLUANG JOHOR","Monday,Tuesday,Wednesday,Thursday,Friday,Sunday","2.0552561, 103.3136519"
"JALAN KEDONDONG 1,TAMAN SRI SURIA, KLUANG JOHOR","Monday,Tuesday,Wednesday,Thursday,Friday,Sunday","2.0552561, 103.3136519"
"JALAN KEDONDONG 2,TAMAN SRI SURIA, KLUANG JOHOR","Monday,Thursday","2.0552999, 103.3129941"
"JALAN KEDONDONG 3,TAMAN SRI SURIA, KLUANG JOHOR","Monday,Thursday","2.0547859, 103.3127083"
"JALAN KEDONDONG 4,TAMAN SRI SURIA, KLUANG JOHOR","Monday,Thursday","2.0543739, 103.3117825"
"JALAN KEDONDONG 5,TAMAN SRI SURIA, KLUANG JOHOR","Monday,Thursday","2.0543402, 103.311279"
"JALAN KEDONDONG 6,TAMAN SRI SURIA, KLUANG JOHOR","Monday,Thursday","2.054378, 103.3110238"
"JALAN ABD KADIR ABDULLAH,TAMAN SUNRISE PARK, KLUANG JOHOR","Wednesday,Sunday","2.0138051, 103.3196399"
"JALAN ADIL,TAMAN SUNRISE PARK, KLUANG JOHOR","Wednesday,Sunday","2.0102429, 103.3210224"
"JALAN DAMAI,TAMAN SUNRISE PARK, KLUANG JOHOR","Wednesday,Sunday","2.0107417, 103.3208957"
"JALAN DATO ABD RAHMAN AHMAD,TAMAN SUNRISE PARK, KLUANG JOHOR","Wednesday,Sunday","2.0402377, 103.3276406"
"JALAN FAJAR,TAMAN SUNRISE PARK, KLUANG JOHOR","Wednesday,Sunday","2.0112736, 103.3196578"
"JALAN HANG TUAH,TAMAN SUNRISE PARK, KLUANG JOHOR","Wednesday,Sunday","2.0093358, 103.3193813"
"JALAN HULUBALANG,TAMAN SUNRISE PARK, KLUANG JOHOR","Wednesday,Sunday","2.0092189, 103.3188666"
"JALAN KERJASAMA,TAMAN SUNRISE PARK, KLUANG JOHOR","Wednesday,Sunday","2.009547, 103.3211912"
"JALAN LAKSAMANA,TAMAN SUNRISE PARK, KLUANG JOHOR","Wednesday,Sunday","2.0096082, 103.3176081"
"JALAN MAKMUR,TAMAN SUNRISE PARK, KLUANG JOHOR","Wednesday,Sunday","2.0114279, 103.3206186"
"JALAN OTHMAN WAHID,TAMAN SUNRISE PARK, KLUANG JOHOR","Wednesday,Sunday","2.0139696, 103.3183143"
"JALAN PAHLAWAN,TAMAN SUNRISE PARK, KLUANG JOHOR","Wednesday,Sunday","2.0112053, 103.316336"
"JALAN PANGLIMA,TAMAN SUNRISE PARK, KLUANG JOHOR","Wednesday,Sunday","2.010649, 103.317847"
"JALAN PERWIRA,TAMAN SUNRISE PARK, KLUANG JOHOR","Wednesday,Sunday","2.0122569, 103.3181283"
"JALAN PERWIRA,TAMAN SUNRISE PARK, KLUANG JOHOR","Monday,Tuesday,Wednesday,Thursday,Friday,Sunday","2.0122569, 103.3181283"
"JALAN RIA,TAMAN SUNRISE PARK, KLUANG JOHOR","Wednesday,Sunday","2.0123117, 103.3211136"
"JALAN SUKA,TAMAN SUNRISE PARK, KLUANG JOHOR","Wednesday,Sunday","2.0101879, 103.3206816"
"LORONG PANGLIMA 1,TAMAN SUNRISE PARK, KLUANG JOHOR","Wednesday,Sunday","2.0113565, 103.3177067"
"JALAN HULUBALANG 1,TAMAN SUNRISE PARK, KLUANG JOHOR","Wednesday,Sunday","2.0092504, 103.3190054"
"JALAN BIDARA,TAMAN SURIA, KLUANG JOHOR","Tuesday,Friday","2.0517463, 103.3141421"
"JALAN BIDARA 1,TAMAN SURIA, KLUANG JOHOR","Monday,Tuesday,Wednesday,Thursday,Friday,Sunday","2.053634, 103.314871"
"JALAN BIDARA 10,TAMAN SURIA, KLUANG JOHOR","Tuesday,Friday","2.0503293, 103.3136479"
"JALAN BIDARA 11,TAMAN SURIA, KLUANG JOHOR","Tuesday,Friday","2.0512531, 103.3135335"
"JALAN BIDARA 12,TAMAN SURIA, KLUANG JOHOR","Tuesday,Friday","2.0507604, 103.3148354"
"JALAN BIDARA 13,TAMAN SURIA, KLUANG JOHOR","Tuesday,Friday","2.0511085, 103.3152511"
"JALAN BIDARA 14,TAMAN SURIA, KLUANG JOHOR","Tuesday,Friday","2.0503444, 103.314333"
"JALAN BIDARA 15,TAMAN SURIA, KLUANG JOHOR","Tuesday,Friday","2.0521576, 103.3158245"
"JALAN BIDARA 16,TAMAN SURIA, KLUANG JOHOR","Tuesday,Friday","2.0510897, 103.3133271"
"JALAN BIDARA 2,TAMAN SURIA, KLUANG JOHOR","Tuesday,Friday","2.0524345, 103.3150269"
"JALAN BIDARA 3,TAMAN SURIA, KLUANG JOHOR","Tuesday,Friday","2.0520896, 103.3145557"
"JALAN BIDARA 4,TAMAN SURIA, KLUANG JOHOR","Tuesday,Friday","2.0517463, 103.3141421"
"JALAN BIDARA 5,TAMAN SURIA, KLUANG JOHOR","Tuesday,Friday","2.0511058, 103.3140039"
"JALAN BIDARA 6,TAMAN SURIA, KLUANG JOHOR","Tuesday,Friday","2.0508625, 103.3136166"
"JALAN BIDARA 7,TAMAN SURIA, KLUANG JOHOR","Tuesday,Friday","2.0507935, 103.3130838"
"JALAN BIDARA 8,TAMAN SURIA, KLUANG JOHOR","Tuesday,Friday","2.049948, 103.3131942"
"JALAN BIDARA 9,TAMAN SURIA, KLUANG JOHOR","Tuesday,Friday","2.0509781, 103.3144438"
"JALAN CERMAI 1,TAMAN SURIA, KLUANG JOHOR","Tuesday,Friday","2.0512401, 103.3163094"
"JALAN CERMAI 1,TAMAN SURIA, KLUANG JOHOR","Monday,Tuesday,Wednesday,Thursday,Friday,Sunday","2.0512401, 103.3163094"
"JALAN CERMAI 10,TAMAN SURIA, KLUANG JOHOR","Tuesday,Friday","2.0496112, 103.3172114"
"JALAN CERMAI 11,TAMAN SURIA, KLUANG JOHOR","Tuesday,Friday","2.049885, 103.3162588"
"JALAN CERMAI 12,TAMAN SURIA, KLUANG JOHOR","Tuesday,Friday","2.0492013, 103.3160722"
"JALAN CERMAI 13,TAMAN SURIA, KLUANG JOHOR","Tuesday,Friday","2.0487656, 103.3154672"
"JALAN CERMAI 14,TAMAN SURIA, KLUANG JOHOR","Tuesday,Friday","2.0491287, 103.3166585"
"JALAN CERMAI 15,TAMAN SURIA, KLUANG JOHOR","Tuesday,Friday","2.0483975, 103.3157086"
"JALAN CERMAI 16,TAMAN SURIA, KLUANG JOHOR","Tuesday,Friday","2.0486799, 103.3148041"
"JALAN CERMAI 17,TAMAN SURIA, KLUANG JOHOR","Tuesday,Friday","2.0483565, 103.3151257"
"JALAN CERMAI 18,TAMAN SURIA, KLUANG JOHOR","Tuesday,Friday","2.0483664, 103.3151383"
"JALAN CERMAI 19,TAMAN SURIA, KLUANG JOHOR","Tuesday,Friday","2.0483095, 103.3143934"
"JALAN CERMAI 2,TAMAN SURIA, KLUANG JOHOR","Tuesday,Friday","2.0506563, 103.316365"
"JALAN CERMAI 3,TAMAN SURIA, KLUANG JOHOR","Tuesday,Friday","2.0502865, 103.3159048"
"JALAN CERMAI 4,TAMAN SURIA, KLUANG JOHOR","Tuesday,Friday","2.0498031, 103.315689"
"BALAIRAYA / SURAU,JALAN CERMAI 4,TAMAN SURIA, KLUANG JOHOR","Monday,Tuesday,Wednesday,Thursday,Friday,Sunday","2.0498031, 103.315689"
"JALAN CERMAI 5,TAMAN SURIA, KLUANG JOHOR","Tuesday,Friday","2.0498031, 103.315689"
"JALAN CERMAI 6,TAMAN SURIA, KLUANG JOHOR","Tuesday,Friday","2.0490325, 103.3152054"
"JALAN CERMAI 7,TAMAN SURIA, KLUANG JOHOR","Tuesday,Friday","2.0489534, 103.3145854"
"JALAN CERMAI 8,TAMAN SURIA, KLUANG JOHOR","Tuesday,Friday","2.0490503, 103.3138861"
"JALAN CERMAI 9,TAMAN SURIA, KLUANG JOHOR","Tuesday,Friday","2.0499398, 103.3176475"
"JALAN PALA,TAMAN SURIA, KLUANG JOHOR","Tuesday,Friday","2.0486604, 103.316856"
"JALAN PALA 1,TAMAN SURIA, KLUANG JOHOR","Monday,Tuesday,Wednesday,Thursday,Friday,Sunday","2.0489214, 103.3184274"
"JALAN PALA 2,TAMAN SURIA, KLUANG JOHOR","Tuesday,Friday","2.0485641, 103.3180983"
"JALAN PALA 3,TAMAN SURIA, KLUANG JOHOR","Tuesday,Friday","2.048399, 103.3173631"
"JALAN PALA 5,TAMAN SURIA, KLUANG JOHOR","Tuesday,Friday","2.0482678, 103.3164861"
"JALAN PALA 6,TAMAN SURIA, KLUANG JOHOR","Tuesday,Friday","2.047977, 103.3160333"
"JALAN PALA 7,TAMAN SURIA, KLUANG JOHOR","Tuesday,Friday","2.0476736, 103.3156464"
"JALAN PALA 8,TAMAN SURIA, KLUANG JOHOR","Tuesday,Friday","2.0467706, 103.3154581"
"JALAN SURIA INDAH 1,TAMAN SURIA INDAH, KLUANG JOHOR","Monday,Tuesday,Wednesday,Thursday,Friday,Sunday","3.411362, 101.1952541"
"JALAN SURIA INDAH 2,TAMAN SURIA INDAH, KLUANG JOHOR","Tuesday,Friday","2.0543948, 103.3136036"
"JALAN SURIA INDAH 3,TAMAN SURIA INDAH, KLUANG JOHOR","Tuesday,Friday","2.0681262, 103.3356272"
"JALAN SURIAMAS 1,TAMAN SURIAMAS, KLUANG JOHOR","Tuesday,Friday","2.0532494, 103.3122966"
"JALAN SURIAMAS 2,TAMAN SURIAMAS, KLUANG JOHOR","Tuesday,Friday","2.053958, 103.3127021"
"JALAN SUTERA INDAH,TAMAN SUTERA INDAH, KLUANG JOHOR","Monday,Thursday","2.0573463, 103.3092595"
"JALAN SUTERA INDAH 1,TAMAN SUTERA INDAH, KLUANG JOHOR","Monday,Thursday","2.0573463, 103.3092595"
"JALAN SUTERA INDAH 2,TAMAN SUTERA INDAH, KLUANG JOHOR","Monday,Thursday","2.0573463, 103.3092595"
"JALAN SUTERA INDAH 3,TAMAN SUTERA INDAH, KLUANG JOHOR","Monday,Thursday","2.0573463, 103.3092595"
"JALAN SUTERA INDAH 4,TAMAN SUTERA INDAH, KLUANG JOHOR","Monday,Thursday","2.0573463, 103.3092595"
"JALAN SUTERA INDAH 5,TAMAN SUTERA INDAH, KLUANG JOHOR","Monday,Thursday","2.0573463, 103.3092595"
"JALAN SUTERA INDAH 6,TAMAN SUTERA INDAH, KLUANG JOHOR","Monday,Thursday","2.0573463, 103.3092595"
"JALAN SUTERA INDAH 7,TAMAN SUTERA INDAH, KLUANG JOHOR","Monday,Thursday","2.0573463, 103.3092595"
"SYARIKAT AIR JOHOR,JALAN IBRAHIM,TAMAN TASIK, KLUANG JOHOR","Monday,Tuesday,Wednesday,Thursday,Friday,Sunday","2.0227028, 103.3169648"
"JABATAN PENGAIRAN DAN SALIRAN,JALAN IBRAHIM,TAMAN TASIK, KLUANG JOHOR","Monday,Tuesday,Wednesday,Thursday,Friday,Sunday","2.024028, 103.31806"
"JALAN TASIK 3,TAMAN TASIK, KLUANG JOHOR","Wednesday,Sunday","2.0229777, 103.3139625"
"JALAN TASIK 4,TAMAN TASIK, KLUANG JOHOR","Wednesday,Sunday","2.022668, 103.3145949"
"JALAN TASIK 5,TAMAN TASIK, KLUANG JOHOR","Wednesday,Sunday","2.0227498, 103.3152057"
"JALAN TASIK 6,TAMAN TASIK, KLUANG JOHOR","Wednesday,Sunday","2.0224523, 103.3158307"
"JALAN TASIK 7,TAMAN TASIK, KLUANG JOHOR","Wednesday,Sunday","2.0230821, 103.316324"
"JALAN TASIK 8,TAMAN TASIK, KLUANG JOHOR","Wednesday,Sunday","2.0233942, 103.3169135"
"JALAN TASIK 9,TAMAN TASIK, KLUANG JOHOR","Wednesday,Sunday","2.0230659, 103.3138729"
"JALAN SATRIA 3,TAMAN TITIWANGSA, KLUANG JOHOR","Tuesday,Friday","2.0002539, 103.3159238"
"JALAN PERWIRA 1,TAMAN TITIWANGSA, KLUANG JOHOR","Tuesday,Friday","2.005926, 103.3162"
"JALAN PERWIRA 1/1,TAMAN TITIWANGSA, KLUANG JOHOR","Tuesday,Friday","2.0040933, 103.3165397"
"JALAN PERWIRA 1/2,TAMAN TITIWANGSA, KLUANG JOHOR","Tuesday,Friday","2.004583, 103.3162775"
"JALAN PERWIRA 1/3,TAMAN TITIWANGSA, KLUANG JOHOR","Tuesday,Friday","2.0052229, 103.3173182"
"JALAN PERWIRA 1/4,TAMAN TITIWANGSA, KLUANG JOHOR","Tuesday,Friday","2.0059628, 103.3167311"
"JALAN PERWIRA 1/5,TAMAN TITIWANGSA, KLUANG JOHOR","Tuesday,Friday","2.0054514, 103.3162291"
